ISO-10303-21;
HEADER;
FILE_DESCRIPTION(('KiCad electronic assembly'),'2;1');
FILE_NAME('Museum.step','2026-02-17T19:23:26',('Pcbnew'),('Kicad'),
  'Open CASCADE STEP processor 7.8','KiCad to STEP converter','Unknown'
  );
FILE_SCHEMA(('AUTOMOTIVE_DESIGN { 1 0 10303 214 1 1 1 1 }'));
ENDSEC;
DATA;
#1 = APPLICATION_PROTOCOL_DEFINITION('international standard',
  'automotive_design',2000,#2);
#2 = APPLICATION_CONTEXT(
  'core data for automotive mechanical design processes');
#3 = SHAPE_DEFINITION_REPRESENTATION(#4,#10);
#4 = PRODUCT_DEFINITION_SHAPE('','',#5);
#5 = PRODUCT_DEFINITION('design','',#6,#9);
#6 = PRODUCT_DEFINITION_FORMATION('','',#7);
#7 = PRODUCT('Museum 1','Museum 1','',(#8));
#8 = PRODUCT_CONTEXT('',#2,'mechanical');
#9 = PRODUCT_DEFINITION_CONTEXT('part definition',#2,'design');
#10 = SHAPE_REPRESENTATION('',(#11,#15,#19,#23,#27),#31);
#11 = AXIS2_PLACEMENT_3D('',#12,#13,#14);
#12 = CARTESIAN_POINT('',(0.,0.,0.));
#13 = DIRECTION('',(0.,0.,1.));
#14 = DIRECTION('',(1.,0.,-0.));
#15 = AXIS2_PLACEMENT_3D('',#16,#17,#18);
#16 = CARTESIAN_POINT('',(109.,-96.5,1.595));
#17 = DIRECTION('',(0.,0.,1.));
#18 = DIRECTION('',(1.,0.,0.));
#19 = AXIS2_PLACEMENT_3D('',#20,#21,#22);
#20 = CARTESIAN_POINT('',(57.,-111.5,1.595));
#21 = DIRECTION('',(0.,0.,1.));
#22 = DIRECTION('',(-1.,1.224646799147E-16,0.));
#23 = AXIS2_PLACEMENT_3D('',#24,#25,#26);
#24 = CARTESIAN_POINT('',(109.5,-133.5,1.595));
#25 = DIRECTION('',(0.,-0.,1.));
#26 = DIRECTION('',(1.110223024625E-16,1.,0.));
#27 = AXIS2_PLACEMENT_3D('',#28,#29,#30);
#28 = CARTESIAN_POINT('',(0.,0.,0.));
#29 = DIRECTION('',(0.,0.,1.));
#30 = DIRECTION('',(1.,0.,-0.));
#31 = ( GEOMETRIC_REPRESENTATION_CONTEXT(3) 
GLOBAL_UNCERTAINTY_ASSIGNED_CONTEXT((#35)) GLOBAL_UNIT_ASSIGNED_CONTEXT(
(#32,#33,#34)) REPRESENTATION_CONTEXT('Context #1',
  '3D Context with UNIT and UNCERTAINTY') );
#32 = ( LENGTH_UNIT() NAMED_UNIT(*) SI_UNIT(.MILLI.,.METRE.) );
#33 = ( NAMED_UNIT(*) PLANE_ANGLE_UNIT() SI_UNIT($,.RADIAN.) );
#34 = ( NAMED_UNIT(*) SI_UNIT($,.STERADIAN.) SOLID_ANGLE_UNIT() );
#35 = UNCERTAINTY_MEASURE_WITH_UNIT(LENGTH_MEASURE(1.E-07),#32,
  'distance_accuracy_value','confusion accuracy');
#36 = PRODUCT_RELATED_PRODUCT_CATEGORY('part',$,(#7));
#37 = SHAPE_DEFINITION_REPRESENTATION(#38,#44);
#38 = PRODUCT_DEFINITION_SHAPE('','',#39);
#39 = PRODUCT_DEFINITION('design','',#40,#43);
#40 = PRODUCT_DEFINITION_FORMATION('','',#41);
#41 = PRODUCT('PinHeader_1x02_P1.00mm_Vertical',
  'PinHeader_1x02_P1.00mm_Vertical','',(#42));
#42 = PRODUCT_CONTEXT('',#2,'mechanical');
#43 = PRODUCT_DEFINITION_CONTEXT('part definition',#2,'design');
#44 = ADVANCED_BREP_SHAPE_REPRESENTATION('',(#11,#45),#1477);
#45 = MANIFOLD_SOLID_BREP('',#46);
#46 = CLOSED_SHELL('',(#47,#87,#118,#149,#314,#479,#496,#513,#530,#547,
    #564,#581,#598,#615,#632,#649,#661,#692,#716,#740,#757,#788,#812,
    #836,#853,#884,#908,#932,#949,#980,#1004,#1028,#1045,#1076,#1100,
    #1124,#1141,#1172,#1196,#1220,#1237,#1268,#1292,#1316,#1333,#1364,
    #1388,#1412,#1429,#1441,#1453,#1465));
#47 = ADVANCED_FACE('',(#48),#82,.F.);
#48 = FACE_BOUND('',#49,.F.);
#49 = EDGE_LOOP('',(#50,#60,#68,#76));
#50 = ORIENTED_EDGE('',*,*,#51,.T.);
#51 = EDGE_CURVE('',#52,#54,#56,.T.);
#52 = VERTEX_POINT('',#53);
#53 = CARTESIAN_POINT('',(-0.535,0.5,0.));
#54 = VERTEX_POINT('',#55);
#55 = CARTESIAN_POINT('',(-0.535,0.5,1.));
#56 = LINE('',#57,#58);
#57 = CARTESIAN_POINT('',(-0.535,0.5,0.));
#58 = VECTOR('',#59,1.);
#59 = DIRECTION('',(0.,0.,1.));
#60 = ORIENTED_EDGE('',*,*,#61,.T.);
#61 = EDGE_CURVE('',#54,#62,#64,.T.);
#62 = VERTEX_POINT('',#63);
#63 = CARTESIAN_POINT('',(-0.635,0.4,1.));
#64 = LINE('',#65,#66);
#65 = CARTESIAN_POINT('',(-0.535,0.5,1.));
#66 = VECTOR('',#67,1.);
#67 = DIRECTION('',(-0.707106781187,-0.707106781187,0.));
#68 = ORIENTED_EDGE('',*,*,#69,.F.);
#69 = EDGE_CURVE('',#70,#62,#72,.T.);
#70 = VERTEX_POINT('',#71);
#71 = CARTESIAN_POINT('',(-0.635,0.4,0.));
#72 = LINE('',#73,#74);
#73 = CARTESIAN_POINT('',(-0.635,0.4,0.));
#74 = VECTOR('',#75,1.);
#75 = DIRECTION('',(0.,0.,1.));
#76 = ORIENTED_EDGE('',*,*,#77,.F.);
#77 = EDGE_CURVE('',#52,#70,#78,.T.);
#78 = LINE('',#79,#80);
#79 = CARTESIAN_POINT('',(-0.535,0.5,0.));
#80 = VECTOR('',#81,1.);
#81 = DIRECTION('',(-0.707106781187,-0.707106781187,0.));
#82 = PLANE('',#83);
#83 = AXIS2_PLACEMENT_3D('',#84,#85,#86);
#84 = CARTESIAN_POINT('',(-0.535,0.5,0.));
#85 = DIRECTION('',(0.707106781187,-0.707106781187,0.));
#86 = DIRECTION('',(-0.707106781187,-0.707106781187,0.));
#87 = ADVANCED_FACE('',(#88),#113,.F.);
#88 = FACE_BOUND('',#89,.F.);
#89 = EDGE_LOOP('',(#90,#100,#106,#107));
#90 = ORIENTED_EDGE('',*,*,#91,.T.);
#91 = EDGE_CURVE('',#92,#94,#96,.T.);
#92 = VERTEX_POINT('',#93);
#93 = CARTESIAN_POINT('',(0.535,0.5,0.));
#94 = VERTEX_POINT('',#95);
#95 = CARTESIAN_POINT('',(0.535,0.5,1.));
#96 = LINE('',#97,#98);
#97 = CARTESIAN_POINT('',(0.535,0.5,0.));
#98 = VECTOR('',#99,1.);
#99 = DIRECTION('',(0.,0.,1.));
#100 = ORIENTED_EDGE('',*,*,#101,.T.);
#101 = EDGE_CURVE('',#94,#54,#102,.T.);
#102 = LINE('',#103,#104);
#103 = CARTESIAN_POINT('',(0.535,0.5,1.));
#104 = VECTOR('',#105,1.);
#105 = DIRECTION('',(-1.,-1.037591611799E-16,0.));
#106 = ORIENTED_EDGE('',*,*,#51,.F.);
#107 = ORIENTED_EDGE('',*,*,#108,.F.);
#108 = EDGE_CURVE('',#92,#52,#109,.T.);
#109 = LINE('',#110,#111);
#110 = CARTESIAN_POINT('',(0.535,0.5,0.));
#111 = VECTOR('',#112,1.);
#112 = DIRECTION('',(-1.,-1.037591611799E-16,0.));
#113 = PLANE('',#114);
#114 = AXIS2_PLACEMENT_3D('',#115,#116,#117);
#115 = CARTESIAN_POINT('',(0.535,0.5,0.));
#116 = DIRECTION('',(1.037591611799E-16,-1.,0.));
#117 = DIRECTION('',(-1.,-1.037591611799E-16,0.));
#118 = ADVANCED_FACE('',(#119),#144,.F.);
#119 = FACE_BOUND('',#120,.F.);
#120 = EDGE_LOOP('',(#121,#122,#130,#138));
#121 = ORIENTED_EDGE('',*,*,#69,.T.);
#122 = ORIENTED_EDGE('',*,*,#123,.T.);
#123 = EDGE_CURVE('',#62,#124,#126,.T.);
#124 = VERTEX_POINT('',#125);
#125 = CARTESIAN_POINT('',(-0.635,-0.4,1.));
#126 = LINE('',#127,#128);
#127 = CARTESIAN_POINT('',(-0.635,0.4,1.));
#128 = VECTOR('',#129,1.);
#129 = DIRECTION('',(0.,-1.,0.));
#130 = ORIENTED_EDGE('',*,*,#131,.F.);
#131 = EDGE_CURVE('',#132,#124,#134,.T.);
#132 = VERTEX_POINT('',#133);
#133 = CARTESIAN_POINT('',(-0.635,-0.4,0.));
#134 = LINE('',#135,#136);
#135 = CARTESIAN_POINT('',(-0.635,-0.4,0.));
#136 = VECTOR('',#137,1.);
#137 = DIRECTION('',(0.,0.,1.));
#138 = ORIENTED_EDGE('',*,*,#139,.F.);
#139 = EDGE_CURVE('',#70,#132,#140,.T.);
#140 = LINE('',#141,#142);
#141 = CARTESIAN_POINT('',(-0.635,0.4,0.));
#142 = VECTOR('',#143,1.);
#143 = DIRECTION('',(0.,-1.,0.));
#144 = PLANE('',#145);
#145 = AXIS2_PLACEMENT_3D('',#146,#147,#148);
#146 = CARTESIAN_POINT('',(-0.635,0.4,0.));
#147 = DIRECTION('',(1.,0.,0.));
#148 = DIRECTION('',(0.,-1.,0.));
#149 = ADVANCED_FACE('',(#150,#241,#275),#309,.F.);
#150 = FACE_BOUND('',#151,.F.);
#151 = EDGE_LOOP('',(#152,#153,#154,#162,#170,#178,#186,#194,#202,#210,
    #218,#226,#234,#240));
#152 = ORIENTED_EDGE('',*,*,#77,.T.);
#153 = ORIENTED_EDGE('',*,*,#139,.T.);
#154 = ORIENTED_EDGE('',*,*,#155,.T.);
#155 = EDGE_CURVE('',#132,#156,#158,.T.);
#156 = VERTEX_POINT('',#157);
#157 = CARTESIAN_POINT('',(-0.535,-0.5,0.));
#158 = LINE('',#159,#160);
#159 = CARTESIAN_POINT('',(-0.635,-0.4,0.));
#160 = VECTOR('',#161,1.);
#161 = DIRECTION('',(0.707106781187,-0.707106781187,0.));
#162 = ORIENTED_EDGE('',*,*,#163,.T.);
#163 = EDGE_CURVE('',#156,#164,#166,.T.);
#164 = VERTEX_POINT('',#165);
#165 = CARTESIAN_POINT('',(-0.635,-0.6,0.));
#166 = LINE('',#167,#168);
#167 = CARTESIAN_POINT('',(-0.535,-0.5,0.));
#168 = VECTOR('',#169,1.);
#169 = DIRECTION('',(-0.707106781187,-0.707106781187,0.));
#170 = ORIENTED_EDGE('',*,*,#171,.T.);
#171 = EDGE_CURVE('',#164,#172,#174,.T.);
#172 = VERTEX_POINT('',#173);
#173 = CARTESIAN_POINT('',(-0.635,-1.4,0.));
#174 = LINE('',#175,#176);
#175 = CARTESIAN_POINT('',(-0.635,-0.6,0.));
#176 = VECTOR('',#177,1.);
#177 = DIRECTION('',(0.,-1.,0.));
#178 = ORIENTED_EDGE('',*,*,#179,.T.);
#179 = EDGE_CURVE('',#172,#180,#182,.T.);
#180 = VERTEX_POINT('',#181);
#181 = CARTESIAN_POINT('',(-0.535,-1.5,0.));
#182 = LINE('',#183,#184);
#183 = CARTESIAN_POINT('',(-0.635,-1.4,0.));
#184 = VECTOR('',#185,1.);
#185 = DIRECTION('',(0.707106781187,-0.707106781187,0.));
#186 = ORIENTED_EDGE('',*,*,#187,.T.);
#187 = EDGE_CURVE('',#180,#188,#190,.T.);
#188 = VERTEX_POINT('',#189);
#189 = CARTESIAN_POINT('',(0.535,-1.5,0.));
#190 = LINE('',#191,#192);
#191 = CARTESIAN_POINT('',(-0.535,-1.5,0.));
#192 = VECTOR('',#193,1.);
#193 = DIRECTION('',(1.,0.,0.));
#194 = ORIENTED_EDGE('',*,*,#195,.T.);
#195 = EDGE_CURVE('',#188,#196,#198,.T.);
#196 = VERTEX_POINT('',#197);
#197 = CARTESIAN_POINT('',(0.635,-1.4,0.));
#198 = LINE('',#199,#200);
#199 = CARTESIAN_POINT('',(0.535,-1.5,0.));
#200 = VECTOR('',#201,1.);
#201 = DIRECTION('',(0.707106781187,0.707106781187,0.));
#202 = ORIENTED_EDGE('',*,*,#203,.T.);
#203 = EDGE_CURVE('',#196,#204,#206,.T.);
#204 = VERTEX_POINT('',#205);
#205 = CARTESIAN_POINT('',(0.635,-0.6,0.));
#206 = LINE('',#207,#208);
#207 = CARTESIAN_POINT('',(0.635,-1.4,0.));
#208 = VECTOR('',#209,1.);
#209 = DIRECTION('',(0.,1.,0.));
#210 = ORIENTED_EDGE('',*,*,#211,.T.);
#211 = EDGE_CURVE('',#204,#212,#214,.T.);
#212 = VERTEX_POINT('',#213);
#213 = CARTESIAN_POINT('',(0.535,-0.5,0.));
#214 = LINE('',#215,#216);
#215 = CARTESIAN_POINT('',(0.635,-0.6,0.));
#216 = VECTOR('',#217,1.);
#217 = DIRECTION('',(-0.707106781187,0.707106781187,0.));
#218 = ORIENTED_EDGE('',*,*,#219,.T.);
#219 = EDGE_CURVE('',#212,#220,#222,.T.);
#220 = VERTEX_POINT('',#221);
#221 = CARTESIAN_POINT('',(0.635,-0.4,0.));
#222 = LINE('',#223,#224);
#223 = CARTESIAN_POINT('',(0.535,-0.5,0.));
#224 = VECTOR('',#225,1.);
#225 = DIRECTION('',(0.707106781187,0.707106781187,0.));
#226 = ORIENTED_EDGE('',*,*,#227,.T.);
#227 = EDGE_CURVE('',#220,#228,#230,.T.);
#228 = VERTEX_POINT('',#229);
#229 = CARTESIAN_POINT('',(0.635,0.4,0.));
#230 = LINE('',#231,#232);
#231 = CARTESIAN_POINT('',(0.635,-0.4,0.));
#232 = VECTOR('',#233,1.);
#233 = DIRECTION('',(0.,1.,0.));
#234 = ORIENTED_EDGE('',*,*,#235,.T.);
#235 = EDGE_CURVE('',#228,#92,#236,.T.);
#236 = LINE('',#237,#238);
#237 = CARTESIAN_POINT('',(0.635,0.4,0.));
#238 = VECTOR('',#239,1.);
#239 = DIRECTION('',(-0.707106781187,0.707106781187,0.));
#240 = ORIENTED_EDGE('',*,*,#108,.T.);
#241 = FACE_BOUND('',#242,.F.);
#242 = EDGE_LOOP('',(#243,#253,#261,#269));
#243 = ORIENTED_EDGE('',*,*,#244,.F.);
#244 = EDGE_CURVE('',#245,#247,#249,.T.);
#245 = VERTEX_POINT('',#246);
#246 = CARTESIAN_POINT('',(0.15,-0.15,0.));
#247 = VERTEX_POINT('',#248);
#248 = CARTESIAN_POINT('',(0.15,0.15,0.));
#249 = LINE('',#250,#251);
#250 = CARTESIAN_POINT('',(0.15,-0.325,0.));
#251 = VECTOR('',#252,1.);
#252 = DIRECTION('',(0.,1.,0.));
#253 = ORIENTED_EDGE('',*,*,#254,.T.);
#254 = EDGE_CURVE('',#245,#255,#257,.T.);
#255 = VERTEX_POINT('',#256);
#256 = CARTESIAN_POINT('',(-0.15,-0.15,0.));
#257 = LINE('',#258,#259);
#258 = CARTESIAN_POINT('',(-7.5E-02,-0.15,0.));
#259 = VECTOR('',#260,1.);
#260 = DIRECTION('',(-1.,0.,0.));
#261 = ORIENTED_EDGE('',*,*,#262,.T.);
#262 = EDGE_CURVE('',#255,#263,#265,.T.);
#263 = VERTEX_POINT('',#264);
#264 = CARTESIAN_POINT('',(-0.15,0.15,0.));
#265 = LINE('',#266,#267);
#266 = CARTESIAN_POINT('',(-0.15,-0.325,0.));
#267 = VECTOR('',#268,1.);
#268 = DIRECTION('',(0.,1.,0.));
#269 = ORIENTED_EDGE('',*,*,#270,.F.);
#270 = EDGE_CURVE('',#247,#263,#271,.T.);
#271 = LINE('',#272,#273);
#272 = CARTESIAN_POINT('',(-7.5E-02,0.15,0.));
#273 = VECTOR('',#274,1.);
#274 = DIRECTION('',(-1.,0.,0.));
#275 = FACE_BOUND('',#276,.F.);
#276 = EDGE_LOOP('',(#277,#287,#295,#303));
#277 = ORIENTED_EDGE('',*,*,#278,.T.);
#278 = EDGE_CURVE('',#279,#281,#283,.T.);
#279 = VERTEX_POINT('',#280);
#280 = CARTESIAN_POINT('',(0.15,-1.15,0.));
#281 = VERTEX_POINT('',#282);
#282 = CARTESIAN_POINT('',(-0.15,-1.15,0.));
#283 = LINE('',#284,#285);
#284 = CARTESIAN_POINT('',(-7.5E-02,-1.15,0.));
#285 = VECTOR('',#286,1.);
#286 = DIRECTION('',(-1.,0.,0.));
#287 = ORIENTED_EDGE('',*,*,#288,.T.);
#288 = EDGE_CURVE('',#281,#289,#291,.T.);
#289 = VERTEX_POINT('',#290);
#290 = CARTESIAN_POINT('',(-0.15,-0.85,0.));
#291 = LINE('',#292,#293);
#292 = CARTESIAN_POINT('',(-0.15,-0.825,0.));
#293 = VECTOR('',#294,1.);
#294 = DIRECTION('',(0.,1.,0.));
#295 = ORIENTED_EDGE('',*,*,#296,.F.);
#296 = EDGE_CURVE('',#297,#289,#299,.T.);
#297 = VERTEX_POINT('',#298);
#298 = CARTESIAN_POINT('',(0.15,-0.85,0.));
#299 = LINE('',#300,#301);
#300 = CARTESIAN_POINT('',(-7.5E-02,-0.85,0.));
#301 = VECTOR('',#302,1.);
#302 = DIRECTION('',(-1.,0.,0.));
#303 = ORIENTED_EDGE('',*,*,#304,.F.);
#304 = EDGE_CURVE('',#279,#297,#305,.T.);
#305 = LINE('',#306,#307);
#306 = CARTESIAN_POINT('',(0.15,-0.825,0.));
#307 = VECTOR('',#308,1.);
#308 = DIRECTION('',(0.,1.,0.));
#309 = PLANE('',#310);
#310 = AXIS2_PLACEMENT_3D('',#311,#312,#313);
#311 = CARTESIAN_POINT('',(-8.577958599317E-18,-0.5,0.));
#312 = DIRECTION('',(0.,0.,1.));
#313 = DIRECTION('',(1.,0.,-0.));
#314 = ADVANCED_FACE('',(#315,#406,#440),#474,.T.);
#315 = FACE_BOUND('',#316,.T.);
#316 = EDGE_LOOP('',(#317,#318,#319,#327,#335,#343,#351,#359,#367,#375,
    #383,#391,#399,#405));
#317 = ORIENTED_EDGE('',*,*,#61,.T.);
#318 = ORIENTED_EDGE('',*,*,#123,.T.);
#319 = ORIENTED_EDGE('',*,*,#320,.T.);
#320 = EDGE_CURVE('',#124,#321,#323,.T.);
#321 = VERTEX_POINT('',#322);
#322 = CARTESIAN_POINT('',(-0.535,-0.5,1.));
#323 = LINE('',#324,#325);
#324 = CARTESIAN_POINT('',(-0.635,-0.4,1.));
#325 = VECTOR('',#326,1.);
#326 = DIRECTION('',(0.707106781187,-0.707106781187,0.));
#327 = ORIENTED_EDGE('',*,*,#328,.T.);
#328 = EDGE_CURVE('',#321,#329,#331,.T.);
#329 = VERTEX_POINT('',#330);
#330 = CARTESIAN_POINT('',(-0.635,-0.6,1.));
#331 = LINE('',#332,#333);
#332 = CARTESIAN_POINT('',(-0.535,-0.5,1.));
#333 = VECTOR('',#334,1.);
#334 = DIRECTION('',(-0.707106781187,-0.707106781187,0.));
#335 = ORIENTED_EDGE('',*,*,#336,.T.);
#336 = EDGE_CURVE('',#329,#337,#339,.T.);
#337 = VERTEX_POINT('',#338);
#338 = CARTESIAN_POINT('',(-0.635,-1.4,1.));
#339 = LINE('',#340,#341);
#340 = CARTESIAN_POINT('',(-0.635,-0.6,1.));
#341 = VECTOR('',#342,1.);
#342 = DIRECTION('',(0.,-1.,0.));
#343 = ORIENTED_EDGE('',*,*,#344,.T.);
#344 = EDGE_CURVE('',#337,#345,#347,.T.);
#345 = VERTEX_POINT('',#346);
#346 = CARTESIAN_POINT('',(-0.535,-1.5,1.));
#347 = LINE('',#348,#349);
#348 = CARTESIAN_POINT('',(-0.635,-1.4,1.));
#349 = VECTOR('',#350,1.);
#350 = DIRECTION('',(0.707106781187,-0.707106781187,0.));
#351 = ORIENTED_EDGE('',*,*,#352,.T.);
#352 = EDGE_CURVE('',#345,#353,#355,.T.);
#353 = VERTEX_POINT('',#354);
#354 = CARTESIAN_POINT('',(0.535,-1.5,1.));
#355 = LINE('',#356,#357);
#356 = CARTESIAN_POINT('',(-0.535,-1.5,1.));
#357 = VECTOR('',#358,1.);
#358 = DIRECTION('',(1.,0.,0.));
#359 = ORIENTED_EDGE('',*,*,#360,.T.);
#360 = EDGE_CURVE('',#353,#361,#363,.T.);
#361 = VERTEX_POINT('',#362);
#362 = CARTESIAN_POINT('',(0.635,-1.4,1.));
#363 = LINE('',#364,#365);
#364 = CARTESIAN_POINT('',(0.535,-1.5,1.));
#365 = VECTOR('',#366,1.);
#366 = DIRECTION('',(0.707106781187,0.707106781187,0.));
#367 = ORIENTED_EDGE('',*,*,#368,.T.);
#368 = EDGE_CURVE('',#361,#369,#371,.T.);
#369 = VERTEX_POINT('',#370);
#370 = CARTESIAN_POINT('',(0.635,-0.6,1.));
#371 = LINE('',#372,#373);
#372 = CARTESIAN_POINT('',(0.635,-1.4,1.));
#373 = VECTOR('',#374,1.);
#374 = DIRECTION('',(0.,1.,0.));
#375 = ORIENTED_EDGE('',*,*,#376,.T.);
#376 = EDGE_CURVE('',#369,#377,#379,.T.);
#377 = VERTEX_POINT('',#378);
#378 = CARTESIAN_POINT('',(0.535,-0.5,1.));
#379 = LINE('',#380,#381);
#380 = CARTESIAN_POINT('',(0.635,-0.6,1.));
#381 = VECTOR('',#382,1.);
#382 = DIRECTION('',(-0.707106781187,0.707106781187,0.));
#383 = ORIENTED_EDGE('',*,*,#384,.T.);
#384 = EDGE_CURVE('',#377,#385,#387,.T.);
#385 = VERTEX_POINT('',#386);
#386 = CARTESIAN_POINT('',(0.635,-0.4,1.));
#387 = LINE('',#388,#389);
#388 = CARTESIAN_POINT('',(0.535,-0.5,1.));
#389 = VECTOR('',#390,1.);
#390 = DIRECTION('',(0.707106781187,0.707106781187,0.));
#391 = ORIENTED_EDGE('',*,*,#392,.T.);
#392 = EDGE_CURVE('',#385,#393,#395,.T.);
#393 = VERTEX_POINT('',#394);
#394 = CARTESIAN_POINT('',(0.635,0.4,1.));
#395 = LINE('',#396,#397);
#396 = CARTESIAN_POINT('',(0.635,-0.4,1.));
#397 = VECTOR('',#398,1.);
#398 = DIRECTION('',(0.,1.,0.));
#399 = ORIENTED_EDGE('',*,*,#400,.T.);
#400 = EDGE_CURVE('',#393,#94,#401,.T.);
#401 = LINE('',#402,#403);
#402 = CARTESIAN_POINT('',(0.635,0.4,1.));
#403 = VECTOR('',#404,1.);
#404 = DIRECTION('',(-0.707106781187,0.707106781187,0.));
#405 = ORIENTED_EDGE('',*,*,#101,.T.);
#406 = FACE_BOUND('',#407,.T.);
#407 = EDGE_LOOP('',(#408,#418,#426,#434));
#408 = ORIENTED_EDGE('',*,*,#409,.F.);
#409 = EDGE_CURVE('',#410,#412,#414,.T.);
#410 = VERTEX_POINT('',#411);
#411 = CARTESIAN_POINT('',(0.15,-0.15,1.));
#412 = VERTEX_POINT('',#413);
#413 = CARTESIAN_POINT('',(0.15,0.15,1.));
#414 = LINE('',#415,#416);
#415 = CARTESIAN_POINT('',(0.15,-0.325,1.));
#416 = VECTOR('',#417,1.);
#417 = DIRECTION('',(0.,1.,0.));
#418 = ORIENTED_EDGE('',*,*,#419,.T.);
#419 = EDGE_CURVE('',#410,#420,#422,.T.);
#420 = VERTEX_POINT('',#421);
#421 = CARTESIAN_POINT('',(-0.15,-0.15,1.));
#422 = LINE('',#423,#424);
#423 = CARTESIAN_POINT('',(-7.5E-02,-0.15,1.));
#424 = VECTOR('',#425,1.);
#425 = DIRECTION('',(-1.,0.,0.));
#426 = ORIENTED_EDGE('',*,*,#427,.T.);
#427 = EDGE_CURVE('',#420,#428,#430,.T.);
#428 = VERTEX_POINT('',#429);
#429 = CARTESIAN_POINT('',(-0.15,0.15,1.));
#430 = LINE('',#431,#432);
#431 = CARTESIAN_POINT('',(-0.15,-0.325,1.));
#432 = VECTOR('',#433,1.);
#433 = DIRECTION('',(0.,1.,0.));
#434 = ORIENTED_EDGE('',*,*,#435,.F.);
#435 = EDGE_CURVE('',#412,#428,#436,.T.);
#436 = LINE('',#437,#438);
#437 = CARTESIAN_POINT('',(-7.5E-02,0.15,1.));
#438 = VECTOR('',#439,1.);
#439 = DIRECTION('',(-1.,0.,0.));
#440 = FACE_BOUND('',#441,.T.);
#441 = EDGE_LOOP('',(#442,#452,#460,#468));
#442 = ORIENTED_EDGE('',*,*,#443,.T.);
#443 = EDGE_CURVE('',#444,#446,#448,.T.);
#444 = VERTEX_POINT('',#445);
#445 = CARTESIAN_POINT('',(0.15,-1.15,1.));
#446 = VERTEX_POINT('',#447);
#447 = CARTESIAN_POINT('',(-0.15,-1.15,1.));
#448 = LINE('',#449,#450);
#449 = CARTESIAN_POINT('',(-7.5E-02,-1.15,1.));
#450 = VECTOR('',#451,1.);
#451 = DIRECTION('',(-1.,0.,0.));
#452 = ORIENTED_EDGE('',*,*,#453,.T.);
#453 = EDGE_CURVE('',#446,#454,#456,.T.);
#454 = VERTEX_POINT('',#455);
#455 = CARTESIAN_POINT('',(-0.15,-0.85,1.));
#456 = LINE('',#457,#458);
#457 = CARTESIAN_POINT('',(-0.15,-0.825,1.));
#458 = VECTOR('',#459,1.);
#459 = DIRECTION('',(0.,1.,0.));
#460 = ORIENTED_EDGE('',*,*,#461,.F.);
#461 = EDGE_CURVE('',#462,#454,#464,.T.);
#462 = VERTEX_POINT('',#463);
#463 = CARTESIAN_POINT('',(0.15,-0.85,1.));
#464 = LINE('',#465,#466);
#465 = CARTESIAN_POINT('',(-7.5E-02,-0.85,1.));
#466 = VECTOR('',#467,1.);
#467 = DIRECTION('',(-1.,0.,0.));
#468 = ORIENTED_EDGE('',*,*,#469,.F.);
#469 = EDGE_CURVE('',#444,#462,#470,.T.);
#470 = LINE('',#471,#472);
#471 = CARTESIAN_POINT('',(0.15,-0.825,1.));
#472 = VECTOR('',#473,1.);
#473 = DIRECTION('',(0.,1.,0.));
#474 = PLANE('',#475);
#475 = AXIS2_PLACEMENT_3D('',#476,#477,#478);
#476 = CARTESIAN_POINT('',(-8.577958599317E-18,-0.5,1.));
#477 = DIRECTION('',(0.,0.,1.));
#478 = DIRECTION('',(1.,0.,-0.));
#479 = ADVANCED_FACE('',(#480),#491,.F.);
#480 = FACE_BOUND('',#481,.F.);
#481 = EDGE_LOOP('',(#482,#488,#489,#490));
#482 = ORIENTED_EDGE('',*,*,#483,.T.);
#483 = EDGE_CURVE('',#228,#393,#484,.T.);
#484 = LINE('',#485,#486);
#485 = CARTESIAN_POINT('',(0.635,0.4,0.));
#486 = VECTOR('',#487,1.);
#487 = DIRECTION('',(0.,0.,1.));
#488 = ORIENTED_EDGE('',*,*,#400,.T.);
#489 = ORIENTED_EDGE('',*,*,#91,.F.);
#490 = ORIENTED_EDGE('',*,*,#235,.F.);
#491 = PLANE('',#492);
#492 = AXIS2_PLACEMENT_3D('',#493,#494,#495);
#493 = CARTESIAN_POINT('',(0.635,0.4,0.));
#494 = DIRECTION('',(-0.707106781187,-0.707106781187,0.));
#495 = DIRECTION('',(-0.707106781187,0.707106781187,0.));
#496 = ADVANCED_FACE('',(#497),#508,.F.);
#497 = FACE_BOUND('',#498,.F.);
#498 = EDGE_LOOP('',(#499,#500,#501,#507));
#499 = ORIENTED_EDGE('',*,*,#131,.T.);
#500 = ORIENTED_EDGE('',*,*,#320,.T.);
#501 = ORIENTED_EDGE('',*,*,#502,.F.);
#502 = EDGE_CURVE('',#156,#321,#503,.T.);
#503 = LINE('',#504,#505);
#504 = CARTESIAN_POINT('',(-0.535,-0.5,0.));
#505 = VECTOR('',#506,1.);
#506 = DIRECTION('',(0.,0.,1.));
#507 = ORIENTED_EDGE('',*,*,#155,.F.);
#508 = PLANE('',#509);
#509 = AXIS2_PLACEMENT_3D('',#510,#511,#512);
#510 = CARTESIAN_POINT('',(-0.635,-0.4,0.));
#511 = DIRECTION('',(0.707106781187,0.707106781187,0.));
#512 = DIRECTION('',(0.707106781187,-0.707106781187,0.));
#513 = ADVANCED_FACE('',(#514),#525,.F.);
#514 = FACE_BOUND('',#515,.F.);
#515 = EDGE_LOOP('',(#516,#522,#523,#524));
#516 = ORIENTED_EDGE('',*,*,#517,.T.);
#517 = EDGE_CURVE('',#220,#385,#518,.T.);
#518 = LINE('',#519,#520);
#519 = CARTESIAN_POINT('',(0.635,-0.4,0.));
#520 = VECTOR('',#521,1.);
#521 = DIRECTION('',(0.,0.,1.));
#522 = ORIENTED_EDGE('',*,*,#392,.T.);
#523 = ORIENTED_EDGE('',*,*,#483,.F.);
#524 = ORIENTED_EDGE('',*,*,#227,.F.);
#525 = PLANE('',#526);
#526 = AXIS2_PLACEMENT_3D('',#527,#528,#529);
#527 = CARTESIAN_POINT('',(0.635,-0.4,0.));
#528 = DIRECTION('',(-1.,0.,0.));
#529 = DIRECTION('',(0.,1.,0.));
#530 = ADVANCED_FACE('',(#531),#542,.F.);
#531 = FACE_BOUND('',#532,.F.);
#532 = EDGE_LOOP('',(#533,#534,#535,#541));
#533 = ORIENTED_EDGE('',*,*,#502,.T.);
#534 = ORIENTED_EDGE('',*,*,#328,.T.);
#535 = ORIENTED_EDGE('',*,*,#536,.F.);
#536 = EDGE_CURVE('',#164,#329,#537,.T.);
#537 = LINE('',#538,#539);
#538 = CARTESIAN_POINT('',(-0.635,-0.6,0.));
#539 = VECTOR('',#540,1.);
#540 = DIRECTION('',(0.,0.,1.));
#541 = ORIENTED_EDGE('',*,*,#163,.F.);
#542 = PLANE('',#543);
#543 = AXIS2_PLACEMENT_3D('',#544,#545,#546);
#544 = CARTESIAN_POINT('',(-0.535,-0.5,0.));
#545 = DIRECTION('',(0.707106781187,-0.707106781187,0.));
#546 = DIRECTION('',(-0.707106781187,-0.707106781187,0.));
#547 = ADVANCED_FACE('',(#548),#559,.F.);
#548 = FACE_BOUND('',#549,.F.);
#549 = EDGE_LOOP('',(#550,#556,#557,#558));
#550 = ORIENTED_EDGE('',*,*,#551,.T.);
#551 = EDGE_CURVE('',#212,#377,#552,.T.);
#552 = LINE('',#553,#554);
#553 = CARTESIAN_POINT('',(0.535,-0.5,0.));
#554 = VECTOR('',#555,1.);
#555 = DIRECTION('',(0.,0.,1.));
#556 = ORIENTED_EDGE('',*,*,#384,.T.);
#557 = ORIENTED_EDGE('',*,*,#517,.F.);
#558 = ORIENTED_EDGE('',*,*,#219,.F.);
#559 = PLANE('',#560);
#560 = AXIS2_PLACEMENT_3D('',#561,#562,#563);
#561 = CARTESIAN_POINT('',(0.535,-0.5,0.));
#562 = DIRECTION('',(-0.707106781187,0.707106781187,0.));
#563 = DIRECTION('',(0.707106781187,0.707106781187,0.));
#564 = ADVANCED_FACE('',(#565),#576,.F.);
#565 = FACE_BOUND('',#566,.F.);
#566 = EDGE_LOOP('',(#567,#568,#569,#575));
#567 = ORIENTED_EDGE('',*,*,#536,.T.);
#568 = ORIENTED_EDGE('',*,*,#336,.T.);
#569 = ORIENTED_EDGE('',*,*,#570,.F.);
#570 = EDGE_CURVE('',#172,#337,#571,.T.);
#571 = LINE('',#572,#573);
#572 = CARTESIAN_POINT('',(-0.635,-1.4,0.));
#573 = VECTOR('',#574,1.);
#574 = DIRECTION('',(0.,0.,1.));
#575 = ORIENTED_EDGE('',*,*,#171,.F.);
#576 = PLANE('',#577);
#577 = AXIS2_PLACEMENT_3D('',#578,#579,#580);
#578 = CARTESIAN_POINT('',(-0.635,-0.6,0.));
#579 = DIRECTION('',(1.,0.,0.));
#580 = DIRECTION('',(0.,-1.,0.));
#581 = ADVANCED_FACE('',(#582),#593,.F.);
#582 = FACE_BOUND('',#583,.F.);
#583 = EDGE_LOOP('',(#584,#590,#591,#592));
#584 = ORIENTED_EDGE('',*,*,#585,.T.);
#585 = EDGE_CURVE('',#204,#369,#586,.T.);
#586 = LINE('',#587,#588);
#587 = CARTESIAN_POINT('',(0.635,-0.6,0.));
#588 = VECTOR('',#589,1.);
#589 = DIRECTION('',(0.,0.,1.));
#590 = ORIENTED_EDGE('',*,*,#376,.T.);
#591 = ORIENTED_EDGE('',*,*,#551,.F.);
#592 = ORIENTED_EDGE('',*,*,#211,.F.);
#593 = PLANE('',#594);
#594 = AXIS2_PLACEMENT_3D('',#595,#596,#597);
#595 = CARTESIAN_POINT('',(0.635,-0.6,0.));
#596 = DIRECTION('',(-0.707106781187,-0.707106781187,0.));
#597 = DIRECTION('',(-0.707106781187,0.707106781187,0.));
#598 = ADVANCED_FACE('',(#599),#610,.F.);
#599 = FACE_BOUND('',#600,.F.);
#600 = EDGE_LOOP('',(#601,#602,#603,#609));
#601 = ORIENTED_EDGE('',*,*,#570,.T.);
#602 = ORIENTED_EDGE('',*,*,#344,.T.);
#603 = ORIENTED_EDGE('',*,*,#604,.F.);
#604 = EDGE_CURVE('',#180,#345,#605,.T.);
#605 = LINE('',#606,#607);
#606 = CARTESIAN_POINT('',(-0.535,-1.5,0.));
#607 = VECTOR('',#608,1.);
#608 = DIRECTION('',(0.,0.,1.));
#609 = ORIENTED_EDGE('',*,*,#179,.F.);
#610 = PLANE('',#611);
#611 = AXIS2_PLACEMENT_3D('',#612,#613,#614);
#612 = CARTESIAN_POINT('',(-0.635,-1.4,0.));
#613 = DIRECTION('',(0.707106781187,0.707106781187,0.));
#614 = DIRECTION('',(0.707106781187,-0.707106781187,0.));
#615 = ADVANCED_FACE('',(#616),#627,.F.);
#616 = FACE_BOUND('',#617,.F.);
#617 = EDGE_LOOP('',(#618,#624,#625,#626));
#618 = ORIENTED_EDGE('',*,*,#619,.T.);
#619 = EDGE_CURVE('',#196,#361,#620,.T.);
#620 = LINE('',#621,#622);
#621 = CARTESIAN_POINT('',(0.635,-1.4,0.));
#622 = VECTOR('',#623,1.);
#623 = DIRECTION('',(0.,0.,1.));
#624 = ORIENTED_EDGE('',*,*,#368,.T.);
#625 = ORIENTED_EDGE('',*,*,#585,.F.);
#626 = ORIENTED_EDGE('',*,*,#203,.F.);
#627 = PLANE('',#628);
#628 = AXIS2_PLACEMENT_3D('',#629,#630,#631);
#629 = CARTESIAN_POINT('',(0.635,-1.4,0.));
#630 = DIRECTION('',(-1.,0.,0.));
#631 = DIRECTION('',(0.,1.,0.));
#632 = ADVANCED_FACE('',(#633),#644,.F.);
#633 = FACE_BOUND('',#634,.F.);
#634 = EDGE_LOOP('',(#635,#636,#637,#643));
#635 = ORIENTED_EDGE('',*,*,#604,.T.);
#636 = ORIENTED_EDGE('',*,*,#352,.T.);
#637 = ORIENTED_EDGE('',*,*,#638,.F.);
#638 = EDGE_CURVE('',#188,#353,#639,.T.);
#639 = LINE('',#640,#641);
#640 = CARTESIAN_POINT('',(0.535,-1.5,0.));
#641 = VECTOR('',#642,1.);
#642 = DIRECTION('',(0.,0.,1.));
#643 = ORIENTED_EDGE('',*,*,#187,.F.);
#644 = PLANE('',#645);
#645 = AXIS2_PLACEMENT_3D('',#646,#647,#648);
#646 = CARTESIAN_POINT('',(-0.535,-1.5,0.));
#647 = DIRECTION('',(0.,1.,0.));
#648 = DIRECTION('',(1.,0.,0.));
#649 = ADVANCED_FACE('',(#650),#656,.F.);
#650 = FACE_BOUND('',#651,.F.);
#651 = EDGE_LOOP('',(#652,#653,#654,#655));
#652 = ORIENTED_EDGE('',*,*,#638,.T.);
#653 = ORIENTED_EDGE('',*,*,#360,.T.);
#654 = ORIENTED_EDGE('',*,*,#619,.F.);
#655 = ORIENTED_EDGE('',*,*,#195,.F.);
#656 = PLANE('',#657);
#657 = AXIS2_PLACEMENT_3D('',#658,#659,#660);
#658 = CARTESIAN_POINT('',(0.535,-1.5,0.));
#659 = DIRECTION('',(-0.707106781187,0.707106781187,0.));
#660 = DIRECTION('',(0.707106781187,0.707106781187,0.));
#661 = ADVANCED_FACE('',(#662),#687,.T.);
#662 = FACE_BOUND('',#663,.T.);
#663 = EDGE_LOOP('',(#664,#672,#680,#686));
#664 = ORIENTED_EDGE('',*,*,#665,.F.);
#665 = EDGE_CURVE('',#666,#245,#668,.T.);
#666 = VERTEX_POINT('',#667);
#667 = CARTESIAN_POINT('',(0.15,-0.15,-2.925));
#668 = LINE('',#669,#670);
#669 = CARTESIAN_POINT('',(0.15,-0.15,-3.));
#670 = VECTOR('',#671,1.);
#671 = DIRECTION('',(0.,0.,1.));
#672 = ORIENTED_EDGE('',*,*,#673,.T.);
#673 = EDGE_CURVE('',#666,#674,#676,.T.);
#674 = VERTEX_POINT('',#675);
#675 = CARTESIAN_POINT('',(0.15,0.15,-2.925));
#676 = LINE('',#677,#678);
#677 = CARTESIAN_POINT('',(0.15,-0.15,-2.925));
#678 = VECTOR('',#679,1.);
#679 = DIRECTION('',(0.,1.,0.));
#680 = ORIENTED_EDGE('',*,*,#681,.T.);
#681 = EDGE_CURVE('',#674,#247,#682,.T.);
#682 = LINE('',#683,#684);
#683 = CARTESIAN_POINT('',(0.15,0.15,-3.));
#684 = VECTOR('',#685,1.);
#685 = DIRECTION('',(0.,0.,1.));
#686 = ORIENTED_EDGE('',*,*,#244,.F.);
#687 = PLANE('',#688);
#688 = AXIS2_PLACEMENT_3D('',#689,#690,#691);
#689 = CARTESIAN_POINT('',(0.15,-0.15,-3.));
#690 = DIRECTION('',(1.,0.,0.));
#691 = DIRECTION('',(0.,0.,1.));
#692 = ADVANCED_FACE('',(#693),#711,.T.);
#693 = FACE_BOUND('',#694,.T.);
#694 = EDGE_LOOP('',(#695,#696,#704,#710));
#695 = ORIENTED_EDGE('',*,*,#681,.F.);
#696 = ORIENTED_EDGE('',*,*,#697,.F.);
#697 = EDGE_CURVE('',#698,#674,#700,.T.);
#698 = VERTEX_POINT('',#699);
#699 = CARTESIAN_POINT('',(-0.15,0.15,-2.925));
#700 = LINE('',#701,#702);
#701 = CARTESIAN_POINT('',(-0.15,0.15,-2.925));
#702 = VECTOR('',#703,1.);
#703 = DIRECTION('',(1.,0.,0.));
#704 = ORIENTED_EDGE('',*,*,#705,.T.);
#705 = EDGE_CURVE('',#698,#263,#706,.T.);
#706 = LINE('',#707,#708);
#707 = CARTESIAN_POINT('',(-0.15,0.15,-3.));
#708 = VECTOR('',#709,1.);
#709 = DIRECTION('',(0.,0.,1.));
#710 = ORIENTED_EDGE('',*,*,#270,.F.);
#711 = PLANE('',#712);
#712 = AXIS2_PLACEMENT_3D('',#713,#714,#715);
#713 = CARTESIAN_POINT('',(-0.15,0.15,-3.));
#714 = DIRECTION('',(0.,1.,0.));
#715 = DIRECTION('',(0.,-0.,1.));
#716 = ADVANCED_FACE('',(#717),#735,.F.);
#717 = FACE_BOUND('',#718,.F.);
#718 = EDGE_LOOP('',(#719,#727,#733,#734));
#719 = ORIENTED_EDGE('',*,*,#720,.F.);
#720 = EDGE_CURVE('',#721,#255,#723,.T.);
#721 = VERTEX_POINT('',#722);
#722 = CARTESIAN_POINT('',(-0.15,-0.15,-2.925));
#723 = LINE('',#724,#725);
#724 = CARTESIAN_POINT('',(-0.15,-0.15,-3.));
#725 = VECTOR('',#726,1.);
#726 = DIRECTION('',(0.,0.,1.));
#727 = ORIENTED_EDGE('',*,*,#728,.T.);
#728 = EDGE_CURVE('',#721,#698,#729,.T.);
#729 = LINE('',#730,#731);
#730 = CARTESIAN_POINT('',(-0.15,-0.15,-2.925));
#731 = VECTOR('',#732,1.);
#732 = DIRECTION('',(0.,1.,0.));
#733 = ORIENTED_EDGE('',*,*,#705,.T.);
#734 = ORIENTED_EDGE('',*,*,#262,.F.);
#735 = PLANE('',#736);
#736 = AXIS2_PLACEMENT_3D('',#737,#738,#739);
#737 = CARTESIAN_POINT('',(-0.15,-0.15,-3.));
#738 = DIRECTION('',(1.,0.,0.));
#739 = DIRECTION('',(0.,0.,1.));
#740 = ADVANCED_FACE('',(#741),#752,.F.);
#741 = FACE_BOUND('',#742,.F.);
#742 = EDGE_LOOP('',(#743,#744,#750,#751));
#743 = ORIENTED_EDGE('',*,*,#665,.F.);
#744 = ORIENTED_EDGE('',*,*,#745,.F.);
#745 = EDGE_CURVE('',#721,#666,#746,.T.);
#746 = LINE('',#747,#748);
#747 = CARTESIAN_POINT('',(-0.15,-0.15,-2.925));
#748 = VECTOR('',#749,1.);
#749 = DIRECTION('',(1.,0.,0.));
#750 = ORIENTED_EDGE('',*,*,#720,.T.);
#751 = ORIENTED_EDGE('',*,*,#254,.F.);
#752 = PLANE('',#753);
#753 = AXIS2_PLACEMENT_3D('',#754,#755,#756);
#754 = CARTESIAN_POINT('',(-0.15,-0.15,-3.));
#755 = DIRECTION('',(0.,1.,0.));
#756 = DIRECTION('',(0.,-0.,1.));
#757 = ADVANCED_FACE('',(#758),#783,.F.);
#758 = FACE_BOUND('',#759,.F.);
#759 = EDGE_LOOP('',(#760,#768,#776,#782));
#760 = ORIENTED_EDGE('',*,*,#761,.F.);
#761 = EDGE_CURVE('',#762,#279,#764,.T.);
#762 = VERTEX_POINT('',#763);
#763 = CARTESIAN_POINT('',(0.15,-1.15,-2.925));
#764 = LINE('',#765,#766);
#765 = CARTESIAN_POINT('',(0.15,-1.15,-3.));
#766 = VECTOR('',#767,1.);
#767 = DIRECTION('',(0.,0.,1.));
#768 = ORIENTED_EDGE('',*,*,#769,.F.);
#769 = EDGE_CURVE('',#770,#762,#772,.T.);
#770 = VERTEX_POINT('',#771);
#771 = CARTESIAN_POINT('',(-0.15,-1.15,-2.925));
#772 = LINE('',#773,#774);
#773 = CARTESIAN_POINT('',(-0.15,-1.15,-2.925));
#774 = VECTOR('',#775,1.);
#775 = DIRECTION('',(1.,0.,0.));
#776 = ORIENTED_EDGE('',*,*,#777,.T.);
#777 = EDGE_CURVE('',#770,#281,#778,.T.);
#778 = LINE('',#779,#780);
#779 = CARTESIAN_POINT('',(-0.15,-1.15,-3.));
#780 = VECTOR('',#781,1.);
#781 = DIRECTION('',(0.,0.,1.));
#782 = ORIENTED_EDGE('',*,*,#278,.F.);
#783 = PLANE('',#784);
#784 = AXIS2_PLACEMENT_3D('',#785,#786,#787);
#785 = CARTESIAN_POINT('',(-0.15,-1.15,-3.));
#786 = DIRECTION('',(0.,1.,0.));
#787 = DIRECTION('',(0.,-0.,1.));
#788 = ADVANCED_FACE('',(#789),#807,.T.);
#789 = FACE_BOUND('',#790,.T.);
#790 = EDGE_LOOP('',(#791,#792,#800,#806));
#791 = ORIENTED_EDGE('',*,*,#761,.F.);
#792 = ORIENTED_EDGE('',*,*,#793,.T.);
#793 = EDGE_CURVE('',#762,#794,#796,.T.);
#794 = VERTEX_POINT('',#795);
#795 = CARTESIAN_POINT('',(0.15,-0.85,-2.925));
#796 = LINE('',#797,#798);
#797 = CARTESIAN_POINT('',(0.15,-1.15,-2.925));
#798 = VECTOR('',#799,1.);
#799 = DIRECTION('',(0.,1.,0.));
#800 = ORIENTED_EDGE('',*,*,#801,.T.);
#801 = EDGE_CURVE('',#794,#297,#802,.T.);
#802 = LINE('',#803,#804);
#803 = CARTESIAN_POINT('',(0.15,-0.85,-3.));
#804 = VECTOR('',#805,1.);
#805 = DIRECTION('',(0.,0.,1.));
#806 = ORIENTED_EDGE('',*,*,#304,.F.);
#807 = PLANE('',#808);
#808 = AXIS2_PLACEMENT_3D('',#809,#810,#811);
#809 = CARTESIAN_POINT('',(0.15,-1.15,-3.));
#810 = DIRECTION('',(1.,0.,0.));
#811 = DIRECTION('',(0.,0.,1.));
#812 = ADVANCED_FACE('',(#813),#831,.T.);
#813 = FACE_BOUND('',#814,.T.);
#814 = EDGE_LOOP('',(#815,#816,#824,#830));
#815 = ORIENTED_EDGE('',*,*,#801,.F.);
#816 = ORIENTED_EDGE('',*,*,#817,.F.);
#817 = EDGE_CURVE('',#818,#794,#820,.T.);
#818 = VERTEX_POINT('',#819);
#819 = CARTESIAN_POINT('',(-0.15,-0.85,-2.925));
#820 = LINE('',#821,#822);
#821 = CARTESIAN_POINT('',(-0.15,-0.85,-2.925));
#822 = VECTOR('',#823,1.);
#823 = DIRECTION('',(1.,0.,0.));
#824 = ORIENTED_EDGE('',*,*,#825,.T.);
#825 = EDGE_CURVE('',#818,#289,#826,.T.);
#826 = LINE('',#827,#828);
#827 = CARTESIAN_POINT('',(-0.15,-0.85,-3.));
#828 = VECTOR('',#829,1.);
#829 = DIRECTION('',(0.,0.,1.));
#830 = ORIENTED_EDGE('',*,*,#296,.F.);
#831 = PLANE('',#832);
#832 = AXIS2_PLACEMENT_3D('',#833,#834,#835);
#833 = CARTESIAN_POINT('',(-0.15,-0.85,-3.));
#834 = DIRECTION('',(0.,1.,0.));
#835 = DIRECTION('',(0.,-0.,1.));
#836 = ADVANCED_FACE('',(#837),#848,.F.);
#837 = FACE_BOUND('',#838,.F.);
#838 = EDGE_LOOP('',(#839,#840,#846,#847));
#839 = ORIENTED_EDGE('',*,*,#777,.F.);
#840 = ORIENTED_EDGE('',*,*,#841,.T.);
#841 = EDGE_CURVE('',#770,#818,#842,.T.);
#842 = LINE('',#843,#844);
#843 = CARTESIAN_POINT('',(-0.15,-1.15,-2.925));
#844 = VECTOR('',#845,1.);
#845 = DIRECTION('',(0.,1.,0.));
#846 = ORIENTED_EDGE('',*,*,#825,.T.);
#847 = ORIENTED_EDGE('',*,*,#288,.F.);
#848 = PLANE('',#849);
#849 = AXIS2_PLACEMENT_3D('',#850,#851,#852);
#850 = CARTESIAN_POINT('',(-0.15,-1.15,-3.));
#851 = DIRECTION('',(1.,0.,0.));
#852 = DIRECTION('',(0.,0.,1.));
#853 = ADVANCED_FACE('',(#854),#879,.T.);
#854 = FACE_BOUND('',#855,.T.);
#855 = EDGE_LOOP('',(#856,#864,#865,#873));
#856 = ORIENTED_EDGE('',*,*,#857,.F.);
#857 = EDGE_CURVE('',#410,#858,#860,.T.);
#858 = VERTEX_POINT('',#859);
#859 = CARTESIAN_POINT('',(0.15,-0.15,4.725));
#860 = LINE('',#861,#862);
#861 = CARTESIAN_POINT('',(0.15,-0.15,-3.));
#862 = VECTOR('',#863,1.);
#863 = DIRECTION('',(0.,0.,1.));
#864 = ORIENTED_EDGE('',*,*,#409,.T.);
#865 = ORIENTED_EDGE('',*,*,#866,.T.);
#866 = EDGE_CURVE('',#412,#867,#869,.T.);
#867 = VERTEX_POINT('',#868);
#868 = CARTESIAN_POINT('',(0.15,0.15,4.725));
#869 = LINE('',#870,#871);
#870 = CARTESIAN_POINT('',(0.15,0.15,-3.));
#871 = VECTOR('',#872,1.);
#872 = DIRECTION('',(0.,0.,1.));
#873 = ORIENTED_EDGE('',*,*,#874,.F.);
#874 = EDGE_CURVE('',#858,#867,#875,.T.);
#875 = LINE('',#876,#877);
#876 = CARTESIAN_POINT('',(0.15,-0.15,4.725));
#877 = VECTOR('',#878,1.);
#878 = DIRECTION('',(0.,1.,0.));
#879 = PLANE('',#880);
#880 = AXIS2_PLACEMENT_3D('',#881,#882,#883);
#881 = CARTESIAN_POINT('',(0.15,-0.15,-3.));
#882 = DIRECTION('',(1.,0.,0.));
#883 = DIRECTION('',(0.,0.,1.));
#884 = ADVANCED_FACE('',(#885),#903,.T.);
#885 = FACE_BOUND('',#886,.T.);
#886 = EDGE_LOOP('',(#887,#888,#889,#897));
#887 = ORIENTED_EDGE('',*,*,#866,.F.);
#888 = ORIENTED_EDGE('',*,*,#435,.T.);
#889 = ORIENTED_EDGE('',*,*,#890,.T.);
#890 = EDGE_CURVE('',#428,#891,#893,.T.);
#891 = VERTEX_POINT('',#892);
#892 = CARTESIAN_POINT('',(-0.15,0.15,4.725));
#893 = LINE('',#894,#895);
#894 = CARTESIAN_POINT('',(-0.15,0.15,-3.));
#895 = VECTOR('',#896,1.);
#896 = DIRECTION('',(0.,0.,1.));
#897 = ORIENTED_EDGE('',*,*,#898,.T.);
#898 = EDGE_CURVE('',#891,#867,#899,.T.);
#899 = LINE('',#900,#901);
#900 = CARTESIAN_POINT('',(-0.15,0.15,4.725));
#901 = VECTOR('',#902,1.);
#902 = DIRECTION('',(1.,0.,0.));
#903 = PLANE('',#904);
#904 = AXIS2_PLACEMENT_3D('',#905,#906,#907);
#905 = CARTESIAN_POINT('',(-0.15,0.15,-3.));
#906 = DIRECTION('',(0.,1.,0.));
#907 = DIRECTION('',(0.,-0.,1.));
#908 = ADVANCED_FACE('',(#909),#927,.F.);
#909 = FACE_BOUND('',#910,.F.);
#910 = EDGE_LOOP('',(#911,#919,#920,#921));
#911 = ORIENTED_EDGE('',*,*,#912,.F.);
#912 = EDGE_CURVE('',#420,#913,#915,.T.);
#913 = VERTEX_POINT('',#914);
#914 = CARTESIAN_POINT('',(-0.15,-0.15,4.725));
#915 = LINE('',#916,#917);
#916 = CARTESIAN_POINT('',(-0.15,-0.15,-3.));
#917 = VECTOR('',#918,1.);
#918 = DIRECTION('',(0.,0.,1.));
#919 = ORIENTED_EDGE('',*,*,#427,.T.);
#920 = ORIENTED_EDGE('',*,*,#890,.T.);
#921 = ORIENTED_EDGE('',*,*,#922,.F.);
#922 = EDGE_CURVE('',#913,#891,#923,.T.);
#923 = LINE('',#924,#925);
#924 = CARTESIAN_POINT('',(-0.15,-0.15,4.725));
#925 = VECTOR('',#926,1.);
#926 = DIRECTION('',(0.,1.,0.));
#927 = PLANE('',#928);
#928 = AXIS2_PLACEMENT_3D('',#929,#930,#931);
#929 = CARTESIAN_POINT('',(-0.15,-0.15,-3.));
#930 = DIRECTION('',(1.,0.,0.));
#931 = DIRECTION('',(0.,0.,1.));
#932 = ADVANCED_FACE('',(#933),#944,.F.);
#933 = FACE_BOUND('',#934,.F.);
#934 = EDGE_LOOP('',(#935,#936,#937,#938));
#935 = ORIENTED_EDGE('',*,*,#857,.F.);
#936 = ORIENTED_EDGE('',*,*,#419,.T.);
#937 = ORIENTED_EDGE('',*,*,#912,.T.);
#938 = ORIENTED_EDGE('',*,*,#939,.T.);
#939 = EDGE_CURVE('',#913,#858,#940,.T.);
#940 = LINE('',#941,#942);
#941 = CARTESIAN_POINT('',(-0.15,-0.15,4.725));
#942 = VECTOR('',#943,1.);
#943 = DIRECTION('',(1.,0.,0.));
#944 = PLANE('',#945);
#945 = AXIS2_PLACEMENT_3D('',#946,#947,#948);
#946 = CARTESIAN_POINT('',(-0.15,-0.15,-3.));
#947 = DIRECTION('',(0.,1.,0.));
#948 = DIRECTION('',(0.,-0.,1.));
#949 = ADVANCED_FACE('',(#950),#975,.F.);
#950 = FACE_BOUND('',#951,.F.);
#951 = EDGE_LOOP('',(#952,#960,#961,#969));
#952 = ORIENTED_EDGE('',*,*,#953,.F.);
#953 = EDGE_CURVE('',#444,#954,#956,.T.);
#954 = VERTEX_POINT('',#955);
#955 = CARTESIAN_POINT('',(0.15,-1.15,4.725));
#956 = LINE('',#957,#958);
#957 = CARTESIAN_POINT('',(0.15,-1.15,-3.));
#958 = VECTOR('',#959,1.);
#959 = DIRECTION('',(0.,0.,1.));
#960 = ORIENTED_EDGE('',*,*,#443,.T.);
#961 = ORIENTED_EDGE('',*,*,#962,.T.);
#962 = EDGE_CURVE('',#446,#963,#965,.T.);
#963 = VERTEX_POINT('',#964);
#964 = CARTESIAN_POINT('',(-0.15,-1.15,4.725));
#965 = LINE('',#966,#967);
#966 = CARTESIAN_POINT('',(-0.15,-1.15,-3.));
#967 = VECTOR('',#968,1.);
#968 = DIRECTION('',(0.,0.,1.));
#969 = ORIENTED_EDGE('',*,*,#970,.T.);
#970 = EDGE_CURVE('',#963,#954,#971,.T.);
#971 = LINE('',#972,#973);
#972 = CARTESIAN_POINT('',(-0.15,-1.15,4.725));
#973 = VECTOR('',#974,1.);
#974 = DIRECTION('',(1.,0.,0.));
#975 = PLANE('',#976);
#976 = AXIS2_PLACEMENT_3D('',#977,#978,#979);
#977 = CARTESIAN_POINT('',(-0.15,-1.15,-3.));
#978 = DIRECTION('',(0.,1.,0.));
#979 = DIRECTION('',(0.,-0.,1.));
#980 = ADVANCED_FACE('',(#981),#999,.T.);
#981 = FACE_BOUND('',#982,.T.);
#982 = EDGE_LOOP('',(#983,#984,#985,#993));
#983 = ORIENTED_EDGE('',*,*,#953,.F.);
#984 = ORIENTED_EDGE('',*,*,#469,.T.);
#985 = ORIENTED_EDGE('',*,*,#986,.T.);
#986 = EDGE_CURVE('',#462,#987,#989,.T.);
#987 = VERTEX_POINT('',#988);
#988 = CARTESIAN_POINT('',(0.15,-0.85,4.725));
#989 = LINE('',#990,#991);
#990 = CARTESIAN_POINT('',(0.15,-0.85,-3.));
#991 = VECTOR('',#992,1.);
#992 = DIRECTION('',(0.,0.,1.));
#993 = ORIENTED_EDGE('',*,*,#994,.F.);
#994 = EDGE_CURVE('',#954,#987,#995,.T.);
#995 = LINE('',#996,#997);
#996 = CARTESIAN_POINT('',(0.15,-1.15,4.725));
#997 = VECTOR('',#998,1.);
#998 = DIRECTION('',(0.,1.,0.));
#999 = PLANE('',#1000);
#1000 = AXIS2_PLACEMENT_3D('',#1001,#1002,#1003);
#1001 = CARTESIAN_POINT('',(0.15,-1.15,-3.));
#1002 = DIRECTION('',(1.,0.,0.));
#1003 = DIRECTION('',(0.,0.,1.));
#1004 = ADVANCED_FACE('',(#1005),#1023,.T.);
#1005 = FACE_BOUND('',#1006,.T.);
#1006 = EDGE_LOOP('',(#1007,#1008,#1009,#1017));
#1007 = ORIENTED_EDGE('',*,*,#986,.F.);
#1008 = ORIENTED_EDGE('',*,*,#461,.T.);
#1009 = ORIENTED_EDGE('',*,*,#1010,.T.);
#1010 = EDGE_CURVE('',#454,#1011,#1013,.T.);
#1011 = VERTEX_POINT('',#1012);
#1012 = CARTESIAN_POINT('',(-0.15,-0.85,4.725));
#1013 = LINE('',#1014,#1015);
#1014 = CARTESIAN_POINT('',(-0.15,-0.85,-3.));
#1015 = VECTOR('',#1016,1.);
#1016 = DIRECTION('',(0.,0.,1.));
#1017 = ORIENTED_EDGE('',*,*,#1018,.T.);
#1018 = EDGE_CURVE('',#1011,#987,#1019,.T.);
#1019 = LINE('',#1020,#1021);
#1020 = CARTESIAN_POINT('',(-0.15,-0.85,4.725));
#1021 = VECTOR('',#1022,1.);
#1022 = DIRECTION('',(1.,0.,0.));
#1023 = PLANE('',#1024);
#1024 = AXIS2_PLACEMENT_3D('',#1025,#1026,#1027);
#1025 = CARTESIAN_POINT('',(-0.15,-0.85,-3.));
#1026 = DIRECTION('',(0.,1.,0.));
#1027 = DIRECTION('',(0.,-0.,1.));
#1028 = ADVANCED_FACE('',(#1029),#1040,.F.);
#1029 = FACE_BOUND('',#1030,.F.);
#1030 = EDGE_LOOP('',(#1031,#1032,#1033,#1034));
#1031 = ORIENTED_EDGE('',*,*,#962,.F.);
#1032 = ORIENTED_EDGE('',*,*,#453,.T.);
#1033 = ORIENTED_EDGE('',*,*,#1010,.T.);
#1034 = ORIENTED_EDGE('',*,*,#1035,.F.);
#1035 = EDGE_CURVE('',#963,#1011,#1036,.T.);
#1036 = LINE('',#1037,#1038);
#1037 = CARTESIAN_POINT('',(-0.15,-1.15,4.725));
#1038 = VECTOR('',#1039,1.);
#1039 = DIRECTION('',(0.,1.,0.));
#1040 = PLANE('',#1041);
#1041 = AXIS2_PLACEMENT_3D('',#1042,#1043,#1044);
#1042 = CARTESIAN_POINT('',(-0.15,-1.15,-3.));
#1043 = DIRECTION('',(1.,0.,0.));
#1044 = DIRECTION('',(0.,0.,1.));
#1045 = ADVANCED_FACE('',(#1046),#1071,.F.);
#1046 = FACE_BOUND('',#1047,.F.);
#1047 = EDGE_LOOP('',(#1048,#1056,#1057,#1065));
#1048 = ORIENTED_EDGE('',*,*,#1049,.F.);
#1049 = EDGE_CURVE('',#666,#1050,#1052,.T.);
#1050 = VERTEX_POINT('',#1051);
#1051 = CARTESIAN_POINT('',(7.5E-02,-7.5E-02,-3.));
#1052 = LINE('',#1053,#1054);
#1053 = CARTESIAN_POINT('',(7.5E-02,-7.5E-02,-3.));
#1054 = VECTOR('',#1055,1.);
#1055 = DIRECTION('',(-0.57735026919,0.57735026919,-0.57735026919));
#1056 = ORIENTED_EDGE('',*,*,#673,.T.);
#1057 = ORIENTED_EDGE('',*,*,#1058,.T.);
#1058 = EDGE_CURVE('',#674,#1059,#1061,.T.);
#1059 = VERTEX_POINT('',#1060);
#1060 = CARTESIAN_POINT('',(7.5E-02,7.5E-02,-3.));
#1061 = LINE('',#1062,#1063);
#1062 = CARTESIAN_POINT('',(2.5E-02,2.5E-02,-3.05));
#1063 = VECTOR('',#1064,1.);
#1064 = DIRECTION('',(-0.57735026919,-0.57735026919,-0.57735026919));
#1065 = ORIENTED_EDGE('',*,*,#1066,.F.);
#1066 = EDGE_CURVE('',#1050,#1059,#1067,.T.);
#1067 = LINE('',#1068,#1069);
#1068 = CARTESIAN_POINT('',(7.5E-02,-0.15,-3.));
#1069 = VECTOR('',#1070,1.);
#1070 = DIRECTION('',(0.,1.,0.));
#1071 = PLANE('',#1072);
#1072 = AXIS2_PLACEMENT_3D('',#1073,#1074,#1075);
#1073 = CARTESIAN_POINT('',(0.1125,-0.15,-2.9625));
#1074 = DIRECTION('',(-0.707106781187,0.,0.707106781187));
#1075 = DIRECTION('',(0.,1.,0.));
#1076 = ADVANCED_FACE('',(#1077),#1095,.F.);
#1077 = FACE_BOUND('',#1078,.T.);
#1078 = EDGE_LOOP('',(#1079,#1087,#1088,#1089));
#1079 = ORIENTED_EDGE('',*,*,#1080,.F.);
#1080 = EDGE_CURVE('',#698,#1081,#1083,.T.);
#1081 = VERTEX_POINT('',#1082);
#1082 = CARTESIAN_POINT('',(-7.5E-02,7.5E-02,-3.));
#1083 = LINE('',#1084,#1085);
#1084 = CARTESIAN_POINT('',(-7.5E-02,7.5E-02,-3.));
#1085 = VECTOR('',#1086,1.);
#1086 = DIRECTION('',(0.57735026919,-0.57735026919,-0.57735026919));
#1087 = ORIENTED_EDGE('',*,*,#697,.T.);
#1088 = ORIENTED_EDGE('',*,*,#1058,.T.);
#1089 = ORIENTED_EDGE('',*,*,#1090,.F.);
#1090 = EDGE_CURVE('',#1081,#1059,#1091,.T.);
#1091 = LINE('',#1092,#1093);
#1092 = CARTESIAN_POINT('',(-0.15,7.5E-02,-3.));
#1093 = VECTOR('',#1094,1.);
#1094 = DIRECTION('',(1.,0.,0.));
#1095 = PLANE('',#1096);
#1096 = AXIS2_PLACEMENT_3D('',#1097,#1098,#1099);
#1097 = CARTESIAN_POINT('',(-0.15,0.1125,-2.9625));
#1098 = DIRECTION('',(0.,-0.707106781187,0.707106781187));
#1099 = DIRECTION('',(-1.,0.,0.));
#1100 = ADVANCED_FACE('',(#1101),#1119,.T.);
#1101 = FACE_BOUND('',#1102,.T.);
#1102 = EDGE_LOOP('',(#1103,#1111,#1112,#1113));
#1103 = ORIENTED_EDGE('',*,*,#1104,.F.);
#1104 = EDGE_CURVE('',#721,#1105,#1107,.T.);
#1105 = VERTEX_POINT('',#1106);
#1106 = CARTESIAN_POINT('',(-7.5E-02,-7.5E-02,-3.));
#1107 = LINE('',#1108,#1109);
#1108 = CARTESIAN_POINT('',(-0.125,-0.125,-2.95));
#1109 = VECTOR('',#1110,1.);
#1110 = DIRECTION('',(0.57735026919,0.57735026919,-0.57735026919));
#1111 = ORIENTED_EDGE('',*,*,#728,.T.);
#1112 = ORIENTED_EDGE('',*,*,#1080,.T.);
#1113 = ORIENTED_EDGE('',*,*,#1114,.F.);
#1114 = EDGE_CURVE('',#1105,#1081,#1115,.T.);
#1115 = LINE('',#1116,#1117);
#1116 = CARTESIAN_POINT('',(-7.5E-02,-0.15,-3.));
#1117 = VECTOR('',#1118,1.);
#1118 = DIRECTION('',(0.,1.,0.));
#1119 = PLANE('',#1120);
#1120 = AXIS2_PLACEMENT_3D('',#1121,#1122,#1123);
#1121 = CARTESIAN_POINT('',(-0.1125,-0.15,-2.9625));
#1122 = DIRECTION('',(-0.707106781187,0.,-0.707106781187));
#1123 = DIRECTION('',(0.,1.,0.));
#1124 = ADVANCED_FACE('',(#1125),#1136,.T.);
#1125 = FACE_BOUND('',#1126,.F.);
#1126 = EDGE_LOOP('',(#1127,#1128,#1129,#1130));
#1127 = ORIENTED_EDGE('',*,*,#1104,.F.);
#1128 = ORIENTED_EDGE('',*,*,#745,.T.);
#1129 = ORIENTED_EDGE('',*,*,#1049,.T.);
#1130 = ORIENTED_EDGE('',*,*,#1131,.F.);
#1131 = EDGE_CURVE('',#1105,#1050,#1132,.T.);
#1132 = LINE('',#1133,#1134);
#1133 = CARTESIAN_POINT('',(-0.15,-7.5E-02,-3.));
#1134 = VECTOR('',#1135,1.);
#1135 = DIRECTION('',(1.,0.,0.));
#1136 = PLANE('',#1137);
#1137 = AXIS2_PLACEMENT_3D('',#1138,#1139,#1140);
#1138 = CARTESIAN_POINT('',(-0.15,-0.1125,-2.9625));
#1139 = DIRECTION('',(0.,-0.707106781187,-0.707106781187));
#1140 = DIRECTION('',(-1.,-0.,0.));
#1141 = ADVANCED_FACE('',(#1142),#1167,.T.);
#1142 = FACE_BOUND('',#1143,.F.);
#1143 = EDGE_LOOP('',(#1144,#1152,#1153,#1161));
#1144 = ORIENTED_EDGE('',*,*,#1145,.F.);
#1145 = EDGE_CURVE('',#770,#1146,#1148,.T.);
#1146 = VERTEX_POINT('',#1147);
#1147 = CARTESIAN_POINT('',(-7.5E-02,-1.075,-3.));
#1148 = LINE('',#1149,#1150);
#1149 = CARTESIAN_POINT('',(-0.125,-1.125,-2.95));
#1150 = VECTOR('',#1151,1.);
#1151 = DIRECTION('',(0.57735026919,0.57735026919,-0.57735026919));
#1152 = ORIENTED_EDGE('',*,*,#769,.T.);
#1153 = ORIENTED_EDGE('',*,*,#1154,.T.);
#1154 = EDGE_CURVE('',#762,#1155,#1157,.T.);
#1155 = VERTEX_POINT('',#1156);
#1156 = CARTESIAN_POINT('',(7.5E-02,-1.075,-3.));
#1157 = LINE('',#1158,#1159);
#1158 = CARTESIAN_POINT('',(7.5E-02,-1.075,-3.));
#1159 = VECTOR('',#1160,1.);
#1160 = DIRECTION('',(-0.57735026919,0.57735026919,-0.57735026919));
#1161 = ORIENTED_EDGE('',*,*,#1162,.F.);
#1162 = EDGE_CURVE('',#1146,#1155,#1163,.T.);
#1163 = LINE('',#1164,#1165);
#1164 = CARTESIAN_POINT('',(-0.15,-1.075,-3.));
#1165 = VECTOR('',#1166,1.);
#1166 = DIRECTION('',(1.,0.,0.));
#1167 = PLANE('',#1168);
#1168 = AXIS2_PLACEMENT_3D('',#1169,#1170,#1171);
#1169 = CARTESIAN_POINT('',(-0.15,-1.1125,-2.9625));
#1170 = DIRECTION('',(0.,-0.707106781187,-0.707106781187));
#1171 = DIRECTION('',(-1.,-0.,0.));
#1172 = ADVANCED_FACE('',(#1173),#1191,.F.);
#1173 = FACE_BOUND('',#1174,.F.);
#1174 = EDGE_LOOP('',(#1175,#1176,#1177,#1185));
#1175 = ORIENTED_EDGE('',*,*,#1154,.F.);
#1176 = ORIENTED_EDGE('',*,*,#793,.T.);
#1177 = ORIENTED_EDGE('',*,*,#1178,.T.);
#1178 = EDGE_CURVE('',#794,#1179,#1181,.T.);
#1179 = VERTEX_POINT('',#1180);
#1180 = CARTESIAN_POINT('',(7.5E-02,-0.925,-3.));
#1181 = LINE('',#1182,#1183);
#1182 = CARTESIAN_POINT('',(2.5E-02,-0.975,-3.05));
#1183 = VECTOR('',#1184,1.);
#1184 = DIRECTION('',(-0.57735026919,-0.57735026919,-0.57735026919));
#1185 = ORIENTED_EDGE('',*,*,#1186,.F.);
#1186 = EDGE_CURVE('',#1155,#1179,#1187,.T.);
#1187 = LINE('',#1188,#1189);
#1188 = CARTESIAN_POINT('',(7.5E-02,-1.15,-3.));
#1189 = VECTOR('',#1190,1.);
#1190 = DIRECTION('',(0.,1.,0.));
#1191 = PLANE('',#1192);
#1192 = AXIS2_PLACEMENT_3D('',#1193,#1194,#1195);
#1193 = CARTESIAN_POINT('',(0.1125,-1.15,-2.9625));
#1194 = DIRECTION('',(-0.707106781187,0.,0.707106781187));
#1195 = DIRECTION('',(0.,1.,0.));
#1196 = ADVANCED_FACE('',(#1197),#1215,.F.);
#1197 = FACE_BOUND('',#1198,.T.);
#1198 = EDGE_LOOP('',(#1199,#1207,#1208,#1209));
#1199 = ORIENTED_EDGE('',*,*,#1200,.F.);
#1200 = EDGE_CURVE('',#818,#1201,#1203,.T.);
#1201 = VERTEX_POINT('',#1202);
#1202 = CARTESIAN_POINT('',(-7.5E-02,-0.925,-3.));
#1203 = LINE('',#1204,#1205);
#1204 = CARTESIAN_POINT('',(-7.5E-02,-0.925,-3.));
#1205 = VECTOR('',#1206,1.);
#1206 = DIRECTION('',(0.57735026919,-0.57735026919,-0.57735026919));
#1207 = ORIENTED_EDGE('',*,*,#817,.T.);
#1208 = ORIENTED_EDGE('',*,*,#1178,.T.);
#1209 = ORIENTED_EDGE('',*,*,#1210,.F.);
#1210 = EDGE_CURVE('',#1201,#1179,#1211,.T.);
#1211 = LINE('',#1212,#1213);
#1212 = CARTESIAN_POINT('',(-0.15,-0.925,-3.));
#1213 = VECTOR('',#1214,1.);
#1214 = DIRECTION('',(1.,0.,0.));
#1215 = PLANE('',#1216);
#1216 = AXIS2_PLACEMENT_3D('',#1217,#1218,#1219);
#1217 = CARTESIAN_POINT('',(-0.15,-0.8875,-2.9625));
#1218 = DIRECTION('',(0.,-0.707106781187,0.707106781187));
#1219 = DIRECTION('',(-1.,0.,0.));
#1220 = ADVANCED_FACE('',(#1221),#1232,.T.);
#1221 = FACE_BOUND('',#1222,.T.);
#1222 = EDGE_LOOP('',(#1223,#1224,#1225,#1226));
#1223 = ORIENTED_EDGE('',*,*,#1145,.F.);
#1224 = ORIENTED_EDGE('',*,*,#841,.T.);
#1225 = ORIENTED_EDGE('',*,*,#1200,.T.);
#1226 = ORIENTED_EDGE('',*,*,#1227,.F.);
#1227 = EDGE_CURVE('',#1146,#1201,#1228,.T.);
#1228 = LINE('',#1229,#1230);
#1229 = CARTESIAN_POINT('',(-7.5E-02,-1.15,-3.));
#1230 = VECTOR('',#1231,1.);
#1231 = DIRECTION('',(0.,1.,0.));
#1232 = PLANE('',#1233);
#1233 = AXIS2_PLACEMENT_3D('',#1234,#1235,#1236);
#1234 = CARTESIAN_POINT('',(-0.1125,-1.15,-2.9625));
#1235 = DIRECTION('',(-0.707106781187,0.,-0.707106781187));
#1236 = DIRECTION('',(0.,1.,0.));
#1237 = ADVANCED_FACE('',(#1238),#1263,.T.);
#1238 = FACE_BOUND('',#1239,.T.);
#1239 = EDGE_LOOP('',(#1240,#1248,#1249,#1257));
#1240 = ORIENTED_EDGE('',*,*,#1241,.F.);
#1241 = EDGE_CURVE('',#858,#1242,#1244,.T.);
#1242 = VERTEX_POINT('',#1243);
#1243 = CARTESIAN_POINT('',(7.5E-02,-7.5E-02,4.8));
#1244 = LINE('',#1245,#1246);
#1245 = CARTESIAN_POINT('',(7.5E-02,-7.5E-02,4.8));
#1246 = VECTOR('',#1247,1.);
#1247 = DIRECTION('',(-0.57735026919,0.57735026919,0.57735026919));
#1248 = ORIENTED_EDGE('',*,*,#874,.T.);
#1249 = ORIENTED_EDGE('',*,*,#1250,.T.);
#1250 = EDGE_CURVE('',#867,#1251,#1253,.T.);
#1251 = VERTEX_POINT('',#1252);
#1252 = CARTESIAN_POINT('',(7.5E-02,7.5E-02,4.8));
#1253 = LINE('',#1254,#1255);
#1254 = CARTESIAN_POINT('',(2.5E-02,2.5E-02,4.85));
#1255 = VECTOR('',#1256,1.);
#1256 = DIRECTION('',(-0.57735026919,-0.57735026919,0.57735026919));
#1257 = ORIENTED_EDGE('',*,*,#1258,.F.);
#1258 = EDGE_CURVE('',#1242,#1251,#1259,.T.);
#1259 = LINE('',#1260,#1261);
#1260 = CARTESIAN_POINT('',(7.5E-02,-0.15,4.8));
#1261 = VECTOR('',#1262,1.);
#1262 = DIRECTION('',(0.,1.,0.));
#1263 = PLANE('',#1264);
#1264 = AXIS2_PLACEMENT_3D('',#1265,#1266,#1267);
#1265 = CARTESIAN_POINT('',(0.1125,-0.15,4.7625));
#1266 = DIRECTION('',(0.707106781187,0.,0.707106781187));
#1267 = DIRECTION('',(-0.,1.,0.));
#1268 = ADVANCED_FACE('',(#1269),#1287,.T.);
#1269 = FACE_BOUND('',#1270,.F.);
#1270 = EDGE_LOOP('',(#1271,#1279,#1280,#1281));
#1271 = ORIENTED_EDGE('',*,*,#1272,.F.);
#1272 = EDGE_CURVE('',#891,#1273,#1275,.T.);
#1273 = VERTEX_POINT('',#1274);
#1274 = CARTESIAN_POINT('',(-7.5E-02,7.5E-02,4.8));
#1275 = LINE('',#1276,#1277);
#1276 = CARTESIAN_POINT('',(-7.5E-02,7.5E-02,4.8));
#1277 = VECTOR('',#1278,1.);
#1278 = DIRECTION('',(0.57735026919,-0.57735026919,0.57735026919));
#1279 = ORIENTED_EDGE('',*,*,#898,.T.);
#1280 = ORIENTED_EDGE('',*,*,#1250,.T.);
#1281 = ORIENTED_EDGE('',*,*,#1282,.F.);
#1282 = EDGE_CURVE('',#1273,#1251,#1283,.T.);
#1283 = LINE('',#1284,#1285);
#1284 = CARTESIAN_POINT('',(-0.15,7.5E-02,4.8));
#1285 = VECTOR('',#1286,1.);
#1286 = DIRECTION('',(1.,0.,0.));
#1287 = PLANE('',#1288);
#1288 = AXIS2_PLACEMENT_3D('',#1289,#1290,#1291);
#1289 = CARTESIAN_POINT('',(-0.15,0.1125,4.7625));
#1290 = DIRECTION('',(0.,0.707106781187,0.707106781187));
#1291 = DIRECTION('',(-1.,0.,0.));
#1292 = ADVANCED_FACE('',(#1293),#1311,.F.);
#1293 = FACE_BOUND('',#1294,.F.);
#1294 = EDGE_LOOP('',(#1295,#1303,#1304,#1305));
#1295 = ORIENTED_EDGE('',*,*,#1296,.F.);
#1296 = EDGE_CURVE('',#913,#1297,#1299,.T.);
#1297 = VERTEX_POINT('',#1298);
#1298 = CARTESIAN_POINT('',(-7.5E-02,-7.5E-02,4.8));
#1299 = LINE('',#1300,#1301);
#1300 = CARTESIAN_POINT('',(-0.125,-0.125,4.75));
#1301 = VECTOR('',#1302,1.);
#1302 = DIRECTION('',(0.57735026919,0.57735026919,0.57735026919));
#1303 = ORIENTED_EDGE('',*,*,#922,.T.);
#1304 = ORIENTED_EDGE('',*,*,#1272,.T.);
#1305 = ORIENTED_EDGE('',*,*,#1306,.F.);
#1306 = EDGE_CURVE('',#1297,#1273,#1307,.T.);
#1307 = LINE('',#1308,#1309);
#1308 = CARTESIAN_POINT('',(-7.5E-02,-0.15,4.8));
#1309 = VECTOR('',#1310,1.);
#1310 = DIRECTION('',(0.,1.,0.));
#1311 = PLANE('',#1312);
#1312 = AXIS2_PLACEMENT_3D('',#1313,#1314,#1315);
#1313 = CARTESIAN_POINT('',(-0.1125,-0.15,4.7625));
#1314 = DIRECTION('',(0.707106781187,0.,-0.707106781187));
#1315 = DIRECTION('',(0.,1.,0.));
#1316 = ADVANCED_FACE('',(#1317),#1328,.F.);
#1317 = FACE_BOUND('',#1318,.T.);
#1318 = EDGE_LOOP('',(#1319,#1320,#1321,#1322));
#1319 = ORIENTED_EDGE('',*,*,#1296,.F.);
#1320 = ORIENTED_EDGE('',*,*,#939,.T.);
#1321 = ORIENTED_EDGE('',*,*,#1241,.T.);
#1322 = ORIENTED_EDGE('',*,*,#1323,.F.);
#1323 = EDGE_CURVE('',#1297,#1242,#1324,.T.);
#1324 = LINE('',#1325,#1326);
#1325 = CARTESIAN_POINT('',(-0.15,-7.5E-02,4.8));
#1326 = VECTOR('',#1327,1.);
#1327 = DIRECTION('',(1.,0.,0.));
#1328 = PLANE('',#1329);
#1329 = AXIS2_PLACEMENT_3D('',#1330,#1331,#1332);
#1330 = CARTESIAN_POINT('',(-0.15,-0.1125,4.7625));
#1331 = DIRECTION('',(0.,0.707106781187,-0.707106781187));
#1332 = DIRECTION('',(-1.,0.,-0.));
#1333 = ADVANCED_FACE('',(#1334),#1359,.F.);
#1334 = FACE_BOUND('',#1335,.T.);
#1335 = EDGE_LOOP('',(#1336,#1344,#1345,#1353));
#1336 = ORIENTED_EDGE('',*,*,#1337,.F.);
#1337 = EDGE_CURVE('',#963,#1338,#1340,.T.);
#1338 = VERTEX_POINT('',#1339);
#1339 = CARTESIAN_POINT('',(-7.5E-02,-1.075,4.8));
#1340 = LINE('',#1341,#1342);
#1341 = CARTESIAN_POINT('',(-0.125,-1.125,4.75));
#1342 = VECTOR('',#1343,1.);
#1343 = DIRECTION('',(0.57735026919,0.57735026919,0.57735026919));
#1344 = ORIENTED_EDGE('',*,*,#970,.T.);
#1345 = ORIENTED_EDGE('',*,*,#1346,.T.);
#1346 = EDGE_CURVE('',#954,#1347,#1349,.T.);
#1347 = VERTEX_POINT('',#1348);
#1348 = CARTESIAN_POINT('',(7.5E-02,-1.075,4.8));
#1349 = LINE('',#1350,#1351);
#1350 = CARTESIAN_POINT('',(7.5E-02,-1.075,4.8));
#1351 = VECTOR('',#1352,1.);
#1352 = DIRECTION('',(-0.57735026919,0.57735026919,0.57735026919));
#1353 = ORIENTED_EDGE('',*,*,#1354,.F.);
#1354 = EDGE_CURVE('',#1338,#1347,#1355,.T.);
#1355 = LINE('',#1356,#1357);
#1356 = CARTESIAN_POINT('',(-0.15,-1.075,4.8));
#1357 = VECTOR('',#1358,1.);
#1358 = DIRECTION('',(1.,0.,0.));
#1359 = PLANE('',#1360);
#1360 = AXIS2_PLACEMENT_3D('',#1361,#1362,#1363);
#1361 = CARTESIAN_POINT('',(-0.15,-1.1125,4.7625));
#1362 = DIRECTION('',(0.,0.707106781187,-0.707106781187));
#1363 = DIRECTION('',(-1.,0.,-0.));
#1364 = ADVANCED_FACE('',(#1365),#1383,.T.);
#1365 = FACE_BOUND('',#1366,.T.);
#1366 = EDGE_LOOP('',(#1367,#1368,#1369,#1377));
#1367 = ORIENTED_EDGE('',*,*,#1346,.F.);
#1368 = ORIENTED_EDGE('',*,*,#994,.T.);
#1369 = ORIENTED_EDGE('',*,*,#1370,.T.);
#1370 = EDGE_CURVE('',#987,#1371,#1373,.T.);
#1371 = VERTEX_POINT('',#1372);
#1372 = CARTESIAN_POINT('',(7.5E-02,-0.925,4.8));
#1373 = LINE('',#1374,#1375);
#1374 = CARTESIAN_POINT('',(2.5E-02,-0.975,4.85));
#1375 = VECTOR('',#1376,1.);
#1376 = DIRECTION('',(-0.57735026919,-0.57735026919,0.57735026919));
#1377 = ORIENTED_EDGE('',*,*,#1378,.F.);
#1378 = EDGE_CURVE('',#1347,#1371,#1379,.T.);
#1379 = LINE('',#1380,#1381);
#1380 = CARTESIAN_POINT('',(7.5E-02,-1.15,4.8));
#1381 = VECTOR('',#1382,1.);
#1382 = DIRECTION('',(0.,1.,0.));
#1383 = PLANE('',#1384);
#1384 = AXIS2_PLACEMENT_3D('',#1385,#1386,#1387);
#1385 = CARTESIAN_POINT('',(0.1125,-1.15,4.7625));
#1386 = DIRECTION('',(0.707106781187,0.,0.707106781187));
#1387 = DIRECTION('',(-0.,1.,0.));
#1388 = ADVANCED_FACE('',(#1389),#1407,.T.);
#1389 = FACE_BOUND('',#1390,.F.);
#1390 = EDGE_LOOP('',(#1391,#1399,#1400,#1401));
#1391 = ORIENTED_EDGE('',*,*,#1392,.F.);
#1392 = EDGE_CURVE('',#1011,#1393,#1395,.T.);
#1393 = VERTEX_POINT('',#1394);
#1394 = CARTESIAN_POINT('',(-7.5E-02,-0.925,4.8));
#1395 = LINE('',#1396,#1397);
#1396 = CARTESIAN_POINT('',(-7.5E-02,-0.925,4.8));
#1397 = VECTOR('',#1398,1.);
#1398 = DIRECTION('',(0.57735026919,-0.57735026919,0.57735026919));
#1399 = ORIENTED_EDGE('',*,*,#1018,.T.);
#1400 = ORIENTED_EDGE('',*,*,#1370,.T.);
#1401 = ORIENTED_EDGE('',*,*,#1402,.F.);
#1402 = EDGE_CURVE('',#1393,#1371,#1403,.T.);
#1403 = LINE('',#1404,#1405);
#1404 = CARTESIAN_POINT('',(-0.15,-0.925,4.8));
#1405 = VECTOR('',#1406,1.);
#1406 = DIRECTION('',(1.,0.,0.));
#1407 = PLANE('',#1408);
#1408 = AXIS2_PLACEMENT_3D('',#1409,#1410,#1411);
#1409 = CARTESIAN_POINT('',(-0.15,-0.8875,4.7625));
#1410 = DIRECTION('',(0.,0.707106781187,0.707106781187));
#1411 = DIRECTION('',(-1.,0.,0.));
#1412 = ADVANCED_FACE('',(#1413),#1424,.F.);
#1413 = FACE_BOUND('',#1414,.F.);
#1414 = EDGE_LOOP('',(#1415,#1416,#1417,#1418));
#1415 = ORIENTED_EDGE('',*,*,#1337,.F.);
#1416 = ORIENTED_EDGE('',*,*,#1035,.T.);
#1417 = ORIENTED_EDGE('',*,*,#1392,.T.);
#1418 = ORIENTED_EDGE('',*,*,#1419,.F.);
#1419 = EDGE_CURVE('',#1338,#1393,#1420,.T.);
#1420 = LINE('',#1421,#1422);
#1421 = CARTESIAN_POINT('',(-7.5E-02,-1.15,4.8));
#1422 = VECTOR('',#1423,1.);
#1423 = DIRECTION('',(0.,1.,0.));
#1424 = PLANE('',#1425);
#1425 = AXIS2_PLACEMENT_3D('',#1426,#1427,#1428);
#1426 = CARTESIAN_POINT('',(-0.1125,-1.15,4.7625));
#1427 = DIRECTION('',(0.707106781187,0.,-0.707106781187));
#1428 = DIRECTION('',(0.,1.,0.));
#1429 = ADVANCED_FACE('',(#1430),#1436,.F.);
#1430 = FACE_BOUND('',#1431,.F.);
#1431 = EDGE_LOOP('',(#1432,#1433,#1434,#1435));
#1432 = ORIENTED_EDGE('',*,*,#1066,.T.);
#1433 = ORIENTED_EDGE('',*,*,#1090,.F.);
#1434 = ORIENTED_EDGE('',*,*,#1114,.F.);
#1435 = ORIENTED_EDGE('',*,*,#1131,.T.);
#1436 = PLANE('',#1437);
#1437 = AXIS2_PLACEMENT_3D('',#1438,#1439,#1440);
#1438 = CARTESIAN_POINT('',(-0.15,-0.15,-3.));
#1439 = DIRECTION('',(0.,0.,1.));
#1440 = DIRECTION('',(1.,0.,-0.));
#1441 = ADVANCED_FACE('',(#1442),#1448,.F.);
#1442 = FACE_BOUND('',#1443,.F.);
#1443 = EDGE_LOOP('',(#1444,#1445,#1446,#1447));
#1444 = ORIENTED_EDGE('',*,*,#1186,.T.);
#1445 = ORIENTED_EDGE('',*,*,#1210,.F.);
#1446 = ORIENTED_EDGE('',*,*,#1227,.F.);
#1447 = ORIENTED_EDGE('',*,*,#1162,.T.);
#1448 = PLANE('',#1449);
#1449 = AXIS2_PLACEMENT_3D('',#1450,#1451,#1452);
#1450 = CARTESIAN_POINT('',(-0.15,-1.15,-3.));
#1451 = DIRECTION('',(0.,0.,1.));
#1452 = DIRECTION('',(1.,0.,-0.));
#1453 = ADVANCED_FACE('',(#1454),#1460,.T.);
#1454 = FACE_BOUND('',#1455,.T.);
#1455 = EDGE_LOOP('',(#1456,#1457,#1458,#1459));
#1456 = ORIENTED_EDGE('',*,*,#1306,.F.);
#1457 = ORIENTED_EDGE('',*,*,#1323,.T.);
#1458 = ORIENTED_EDGE('',*,*,#1258,.T.);
#1459 = ORIENTED_EDGE('',*,*,#1282,.F.);
#1460 = PLANE('',#1461);
#1461 = AXIS2_PLACEMENT_3D('',#1462,#1463,#1464);
#1462 = CARTESIAN_POINT('',(-0.15,-0.15,4.8));
#1463 = DIRECTION('',(0.,0.,1.));
#1464 = DIRECTION('',(1.,0.,-0.));
#1465 = ADVANCED_FACE('',(#1466),#1472,.T.);
#1466 = FACE_BOUND('',#1467,.T.);
#1467 = EDGE_LOOP('',(#1468,#1469,#1470,#1471));
#1468 = ORIENTED_EDGE('',*,*,#1419,.F.);
#1469 = ORIENTED_EDGE('',*,*,#1354,.T.);
#1470 = ORIENTED_EDGE('',*,*,#1378,.T.);
#1471 = ORIENTED_EDGE('',*,*,#1402,.F.);
#1472 = PLANE('',#1473);
#1473 = AXIS2_PLACEMENT_3D('',#1474,#1475,#1476);
#1474 = CARTESIAN_POINT('',(-0.15,-1.15,4.8));
#1475 = DIRECTION('',(0.,0.,1.));
#1476 = DIRECTION('',(1.,0.,-0.));
#1477 = ( GEOMETRIC_REPRESENTATION_CONTEXT(3) 
GLOBAL_UNCERTAINTY_ASSIGNED_CONTEXT((#1481)) 
GLOBAL_UNIT_ASSIGNED_CONTEXT((#1478,#1479,#1480)) REPRESENTATION_CONTEXT
('Context #1','3D Context with UNIT and UNCERTAINTY') );
#1478 = ( LENGTH_UNIT() NAMED_UNIT(*) SI_UNIT(.MILLI.,.METRE.) );
#1479 = ( NAMED_UNIT(*) PLANE_ANGLE_UNIT() SI_UNIT($,.RADIAN.) );
#1480 = ( NAMED_UNIT(*) SI_UNIT($,.STERADIAN.) SOLID_ANGLE_UNIT() );
#1481 = UNCERTAINTY_MEASURE_WITH_UNIT(LENGTH_MEASURE(1.E-07),#1478,
  'distance_accuracy_value','confusion accuracy');
#1482 = CONTEXT_DEPENDENT_SHAPE_REPRESENTATION(#1483,#1485);
#1483 = ( REPRESENTATION_RELATIONSHIP('','',#44,#10) 
REPRESENTATION_RELATIONSHIP_WITH_TRANSFORMATION(#1484) 
SHAPE_REPRESENTATION_RELATIONSHIP() );
#1484 = ITEM_DEFINED_TRANSFORMATION('','',#11,#15);
#1485 = PRODUCT_DEFINITION_SHAPE('Placement','Placement of an item',
  #1486);
#1486 = NEXT_ASSEMBLY_USAGE_OCCURRENCE('1','J3','',#5,#39,$);
#1487 = PRODUCT_RELATED_PRODUCT_CATEGORY('part',$,(#41));
#1488 = SHAPE_DEFINITION_REPRESENTATION(#1489,#1495);
#1489 = PRODUCT_DEFINITION_SHAPE('','',#1490);
#1490 = PRODUCT_DEFINITION('design','',#1491,#1494);
#1491 = PRODUCT_DEFINITION_FORMATION('','',#1492);
#1492 = PRODUCT('PinSocket_1x02_P1.00mm_Vertical',
  'PinSocket_1x02_P1.00mm_Vertical','',(#1493));
#1493 = PRODUCT_CONTEXT('',#2,'mechanical');
#1494 = PRODUCT_DEFINITION_CONTEXT('part definition',#2,'design');
#1495 = ADVANCED_BREP_SHAPE_REPRESENTATION('',(#11,#1496),#3336);
#1496 = MANIFOLD_SOLID_BREP('',#1497);
#1497 = CLOSED_SHELL('',(#1498,#1538,#1601,#1664,#1681,#1766,#1788,#1805
    ,#1986,#1998,#2010,#2041,#2065,#2089,#2106,#2137,#2161,#2185,#2202,
    #2223,#2254,#2294,#2318,#2339,#2370,#2410,#2434,#2465,#2521,#2545,
    #2594,#2625,#2681,#2705,#2754,#2787,#2804,#2821,#2833,#2866,#2883,
    #2900,#2912,#2929,#2946,#2995,#3019,#3061,#3078,#3095,#3112,#3161,
    #3185,#3227,#3244,#3261,#3278,#3290,#3307,#3324));
#1498 = ADVANCED_FACE('',(#1499),#1533,.F.);
#1499 = FACE_BOUND('',#1500,.F.);
#1500 = EDGE_LOOP('',(#1501,#1511,#1519,#1527));
#1501 = ORIENTED_EDGE('',*,*,#1502,.T.);
#1502 = EDGE_CURVE('',#1503,#1505,#1507,.T.);
#1503 = VERTEX_POINT('',#1504);
#1504 = CARTESIAN_POINT('',(0.46,-1.75,0.));
#1505 = VERTEX_POINT('',#1506);
#1506 = CARTESIAN_POINT('',(0.46,-1.75,2.1));
#1507 = LINE('',#1508,#1509);
#1508 = CARTESIAN_POINT('',(0.46,-1.75,0.));
#1509 = VECTOR('',#1510,1.);
#1510 = DIRECTION('',(0.,0.,1.));
#1511 = ORIENTED_EDGE('',*,*,#1512,.T.);
#1512 = EDGE_CURVE('',#1505,#1513,#1515,.T.);
#1513 = VERTEX_POINT('',#1514);
#1514 = CARTESIAN_POINT('',(0.46,0.75,2.1));
#1515 = LINE('',#1516,#1517);
#1516 = CARTESIAN_POINT('',(0.46,-1.75,2.1));
#1517 = VECTOR('',#1518,1.);
#1518 = DIRECTION('',(1.110223024625E-16,1.,0.));
#1519 = ORIENTED_EDGE('',*,*,#1520,.F.);
#1520 = EDGE_CURVE('',#1521,#1513,#1523,.T.);
#1521 = VERTEX_POINT('',#1522);
#1522 = CARTESIAN_POINT('',(0.46,0.75,0.));
#1523 = LINE('',#1524,#1525);
#1524 = CARTESIAN_POINT('',(0.46,0.75,0.));
#1525 = VECTOR('',#1526,1.);
#1526 = DIRECTION('',(0.,0.,1.));
#1527 = ORIENTED_EDGE('',*,*,#1528,.F.);
#1528 = EDGE_CURVE('',#1503,#1521,#1529,.T.);
#1529 = LINE('',#1530,#1531);
#1530 = CARTESIAN_POINT('',(0.46,-1.75,0.));
#1531 = VECTOR('',#1532,1.);
#1532 = DIRECTION('',(1.110223024625E-16,1.,0.));
#1533 = PLANE('',#1534);
#1534 = AXIS2_PLACEMENT_3D('',#1535,#1536,#1537);
#1535 = CARTESIAN_POINT('',(0.46,-1.75,0.));
#1536 = DIRECTION('',(-1.,1.110223024625E-16,0.));
#1537 = DIRECTION('',(1.110223024625E-16,1.,0.));
#1538 = ADVANCED_FACE('',(#1539),#1596,.F.);
#1539 = FACE_BOUND('',#1540,.F.);
#1540 = EDGE_LOOP('',(#1541,#1551,#1559,#1565,#1566,#1574,#1582,#1590));
#1541 = ORIENTED_EDGE('',*,*,#1542,.F.);
#1542 = EDGE_CURVE('',#1543,#1545,#1547,.T.);
#1543 = VERTEX_POINT('',#1544);
#1544 = CARTESIAN_POINT('',(-1.04,-1.75,0.));
#1545 = VERTEX_POINT('',#1546);
#1546 = CARTESIAN_POINT('',(-0.79,-1.75,0.));
#1547 = LINE('',#1548,#1549);
#1548 = CARTESIAN_POINT('',(-1.04,-1.75,0.));
#1549 = VECTOR('',#1550,1.);
#1550 = DIRECTION('',(1.,-1.110223024625E-16,0.));
#1551 = ORIENTED_EDGE('',*,*,#1552,.T.);
#1552 = EDGE_CURVE('',#1543,#1553,#1555,.T.);
#1553 = VERTEX_POINT('',#1554);
#1554 = CARTESIAN_POINT('',(-1.04,-1.75,2.1));
#1555 = LINE('',#1556,#1557);
#1556 = CARTESIAN_POINT('',(-1.04,-1.75,0.));
#1557 = VECTOR('',#1558,1.);
#1558 = DIRECTION('',(0.,0.,1.));
#1559 = ORIENTED_EDGE('',*,*,#1560,.T.);
#1560 = EDGE_CURVE('',#1553,#1505,#1561,.T.);
#1561 = LINE('',#1562,#1563);
#1562 = CARTESIAN_POINT('',(-1.04,-1.75,2.1));
#1563 = VECTOR('',#1564,1.);
#1564 = DIRECTION('',(1.,-1.110223024625E-16,0.));
#1565 = ORIENTED_EDGE('',*,*,#1502,.F.);
#1566 = ORIENTED_EDGE('',*,*,#1567,.F.);
#1567 = EDGE_CURVE('',#1568,#1503,#1570,.T.);
#1568 = VERTEX_POINT('',#1569);
#1569 = CARTESIAN_POINT('',(0.21,-1.75,0.));
#1570 = LINE('',#1571,#1572);
#1571 = CARTESIAN_POINT('',(-1.04,-1.75,0.));
#1572 = VECTOR('',#1573,1.);
#1573 = DIRECTION('',(1.,-1.110223024625E-16,0.));
#1574 = ORIENTED_EDGE('',*,*,#1575,.T.);
#1575 = EDGE_CURVE('',#1568,#1576,#1578,.T.);
#1576 = VERTEX_POINT('',#1577);
#1577 = CARTESIAN_POINT('',(0.21,-1.75,0.1));
#1578 = LINE('',#1579,#1580);
#1579 = CARTESIAN_POINT('',(0.21,-1.75,0.));
#1580 = VECTOR('',#1581,1.);
#1581 = DIRECTION('',(0.,0.,1.));
#1582 = ORIENTED_EDGE('',*,*,#1583,.F.);
#1583 = EDGE_CURVE('',#1584,#1576,#1586,.T.);
#1584 = VERTEX_POINT('',#1585);
#1585 = CARTESIAN_POINT('',(-0.79,-1.75,0.1));
#1586 = LINE('',#1587,#1588);
#1587 = CARTESIAN_POINT('',(-0.79,-1.75,0.1));
#1588 = VECTOR('',#1589,1.);
#1589 = DIRECTION('',(1.,-1.110223024625E-16,0.));
#1590 = ORIENTED_EDGE('',*,*,#1591,.F.);
#1591 = EDGE_CURVE('',#1545,#1584,#1592,.T.);
#1592 = LINE('',#1593,#1594);
#1593 = CARTESIAN_POINT('',(-0.79,-1.75,0.));
#1594 = VECTOR('',#1595,1.);
#1595 = DIRECTION('',(0.,0.,1.));
#1596 = PLANE('',#1597);
#1597 = AXIS2_PLACEMENT_3D('',#1598,#1599,#1600);
#1598 = CARTESIAN_POINT('',(-1.04,-1.75,0.));
#1599 = DIRECTION('',(1.110223024625E-16,1.,0.));
#1600 = DIRECTION('',(1.,-1.110223024625E-16,0.));
#1601 = ADVANCED_FACE('',(#1602),#1659,.F.);
#1602 = FACE_BOUND('',#1603,.F.);
#1603 = EDGE_LOOP('',(#1604,#1612,#1613,#1621,#1629,#1637,#1645,#1653));
#1604 = ORIENTED_EDGE('',*,*,#1605,.F.);
#1605 = EDGE_CURVE('',#1521,#1606,#1608,.T.);
#1606 = VERTEX_POINT('',#1607);
#1607 = CARTESIAN_POINT('',(0.21,0.75,0.));
#1608 = LINE('',#1609,#1610);
#1609 = CARTESIAN_POINT('',(0.46,0.75,0.));
#1610 = VECTOR('',#1611,1.);
#1611 = DIRECTION('',(-1.,1.110223024625E-16,0.));
#1612 = ORIENTED_EDGE('',*,*,#1520,.T.);
#1613 = ORIENTED_EDGE('',*,*,#1614,.T.);
#1614 = EDGE_CURVE('',#1513,#1615,#1617,.T.);
#1615 = VERTEX_POINT('',#1616);
#1616 = CARTESIAN_POINT('',(-1.04,0.75,2.1));
#1617 = LINE('',#1618,#1619);
#1618 = CARTESIAN_POINT('',(0.46,0.75,2.1));
#1619 = VECTOR('',#1620,1.);
#1620 = DIRECTION('',(-1.,1.110223024625E-16,0.));
#1621 = ORIENTED_EDGE('',*,*,#1622,.F.);
#1622 = EDGE_CURVE('',#1623,#1615,#1625,.T.);
#1623 = VERTEX_POINT('',#1624);
#1624 = CARTESIAN_POINT('',(-1.04,0.75,0.));
#1625 = LINE('',#1626,#1627);
#1626 = CARTESIAN_POINT('',(-1.04,0.75,0.));
#1627 = VECTOR('',#1628,1.);
#1628 = DIRECTION('',(0.,0.,1.));
#1629 = ORIENTED_EDGE('',*,*,#1630,.F.);
#1630 = EDGE_CURVE('',#1631,#1623,#1633,.T.);
#1631 = VERTEX_POINT('',#1632);
#1632 = CARTESIAN_POINT('',(-0.79,0.75,0.));
#1633 = LINE('',#1634,#1635);
#1634 = CARTESIAN_POINT('',(0.46,0.75,0.));
#1635 = VECTOR('',#1636,1.);
#1636 = DIRECTION('',(-1.,1.110223024625E-16,0.));
#1637 = ORIENTED_EDGE('',*,*,#1638,.T.);
#1638 = EDGE_CURVE('',#1631,#1639,#1641,.T.);
#1639 = VERTEX_POINT('',#1640);
#1640 = CARTESIAN_POINT('',(-0.79,0.75,0.1));
#1641 = LINE('',#1642,#1643);
#1642 = CARTESIAN_POINT('',(-0.79,0.75,0.));
#1643 = VECTOR('',#1644,1.);
#1644 = DIRECTION('',(0.,0.,1.));
#1645 = ORIENTED_EDGE('',*,*,#1646,.F.);
#1646 = EDGE_CURVE('',#1647,#1639,#1649,.T.);
#1647 = VERTEX_POINT('',#1648);
#1648 = CARTESIAN_POINT('',(0.21,0.75,0.1));
#1649 = LINE('',#1650,#1651);
#1650 = CARTESIAN_POINT('',(0.21,0.75,0.1));
#1651 = VECTOR('',#1652,1.);
#1652 = DIRECTION('',(-1.,1.110223024625E-16,0.));
#1653 = ORIENTED_EDGE('',*,*,#1654,.F.);
#1654 = EDGE_CURVE('',#1606,#1647,#1655,.T.);
#1655 = LINE('',#1656,#1657);
#1656 = CARTESIAN_POINT('',(0.21,0.75,0.));
#1657 = VECTOR('',#1658,1.);
#1658 = DIRECTION('',(0.,0.,1.));
#1659 = PLANE('',#1660);
#1660 = AXIS2_PLACEMENT_3D('',#1661,#1662,#1663);
#1661 = CARTESIAN_POINT('',(0.46,0.75,0.));
#1662 = DIRECTION('',(-1.110223024625E-16,-1.,0.));
#1663 = DIRECTION('',(-1.,1.110223024625E-16,0.));
#1664 = ADVANCED_FACE('',(#1665),#1676,.F.);
#1665 = FACE_BOUND('',#1666,.F.);
#1666 = EDGE_LOOP('',(#1667,#1668,#1669,#1670));
#1667 = ORIENTED_EDGE('',*,*,#1567,.T.);
#1668 = ORIENTED_EDGE('',*,*,#1528,.T.);
#1669 = ORIENTED_EDGE('',*,*,#1605,.T.);
#1670 = ORIENTED_EDGE('',*,*,#1671,.F.);
#1671 = EDGE_CURVE('',#1568,#1606,#1672,.T.);
#1672 = LINE('',#1673,#1674);
#1673 = CARTESIAN_POINT('',(0.21,-1.75,0.));
#1674 = VECTOR('',#1675,1.);
#1675 = DIRECTION('',(1.110223024625E-16,1.,0.));
#1676 = PLANE('',#1677);
#1677 = AXIS2_PLACEMENT_3D('',#1678,#1679,#1680);
#1678 = CARTESIAN_POINT('',(-0.29,-0.5,0.));
#1679 = DIRECTION('',(0.,0.,1.));
#1680 = DIRECTION('',(1.110223024625E-16,1.,-0.));
#1681 = ADVANCED_FACE('',(#1682,#1693,#1727),#1761,.T.);
#1682 = FACE_BOUND('',#1683,.T.);
#1683 = EDGE_LOOP('',(#1684,#1685,#1686,#1692));
#1684 = ORIENTED_EDGE('',*,*,#1512,.T.);
#1685 = ORIENTED_EDGE('',*,*,#1614,.T.);
#1686 = ORIENTED_EDGE('',*,*,#1687,.T.);
#1687 = EDGE_CURVE('',#1615,#1553,#1688,.T.);
#1688 = LINE('',#1689,#1690);
#1689 = CARTESIAN_POINT('',(-1.04,0.75,2.1));
#1690 = VECTOR('',#1691,1.);
#1691 = DIRECTION('',(-1.110223024625E-16,-1.,0.));
#1692 = ORIENTED_EDGE('',*,*,#1560,.T.);
#1693 = FACE_BOUND('',#1694,.T.);
#1694 = EDGE_LOOP('',(#1695,#1705,#1713,#1721));
#1695 = ORIENTED_EDGE('',*,*,#1696,.F.);
#1696 = EDGE_CURVE('',#1697,#1699,#1701,.T.);
#1697 = VERTEX_POINT('',#1698);
#1698 = CARTESIAN_POINT('',(1.E-02,-1.3,2.1));
#1699 = VERTEX_POINT('',#1700);
#1700 = CARTESIAN_POINT('',(1.E-02,-0.7,2.1));
#1701 = LINE('',#1702,#1703);
#1702 = CARTESIAN_POINT('',(1.E-02,-1.3,2.1));
#1703 = VECTOR('',#1704,1.);
#1704 = DIRECTION('',(1.110223024625E-16,1.,0.));
#1705 = ORIENTED_EDGE('',*,*,#1706,.F.);
#1706 = EDGE_CURVE('',#1707,#1697,#1709,.T.);
#1707 = VERTEX_POINT('',#1708);
#1708 = CARTESIAN_POINT('',(-0.59,-1.3,2.1));
#1709 = LINE('',#1710,#1711);
#1710 = CARTESIAN_POINT('',(-0.59,-1.3,2.1));
#1711 = VECTOR('',#1712,1.);
#1712 = DIRECTION('',(1.,-1.110223024625E-16,0.));
#1713 = ORIENTED_EDGE('',*,*,#1714,.F.);
#1714 = EDGE_CURVE('',#1715,#1707,#1717,.T.);
#1715 = VERTEX_POINT('',#1716);
#1716 = CARTESIAN_POINT('',(-0.59,-0.7,2.1));
#1717 = LINE('',#1718,#1719);
#1718 = CARTESIAN_POINT('',(-0.59,-0.7,2.1));
#1719 = VECTOR('',#1720,1.);
#1720 = DIRECTION('',(-1.110223024625E-16,-1.,0.));
#1721 = ORIENTED_EDGE('',*,*,#1722,.F.);
#1722 = EDGE_CURVE('',#1699,#1715,#1723,.T.);
#1723 = LINE('',#1724,#1725);
#1724 = CARTESIAN_POINT('',(1.E-02,-0.7,2.1));
#1725 = VECTOR('',#1726,1.);
#1726 = DIRECTION('',(-1.,1.110223024625E-16,0.));
#1727 = FACE_BOUND('',#1728,.T.);
#1728 = EDGE_LOOP('',(#1729,#1739,#1747,#1755));
#1729 = ORIENTED_EDGE('',*,*,#1730,.F.);
#1730 = EDGE_CURVE('',#1731,#1733,#1735,.T.);
#1731 = VERTEX_POINT('',#1732);
#1732 = CARTESIAN_POINT('',(1.E-02,-0.3,2.1));
#1733 = VERTEX_POINT('',#1734);
#1734 = CARTESIAN_POINT('',(1.E-02,0.3,2.1));
#1735 = LINE('',#1736,#1737);
#1736 = CARTESIAN_POINT('',(1.E-02,-0.3,2.1));
#1737 = VECTOR('',#1738,1.);
#1738 = DIRECTION('',(1.110223024625E-16,1.,0.));
#1739 = ORIENTED_EDGE('',*,*,#1740,.F.);
#1740 = EDGE_CURVE('',#1741,#1731,#1743,.T.);
#1741 = VERTEX_POINT('',#1742);
#1742 = CARTESIAN_POINT('',(-0.59,-0.3,2.1));
#1743 = LINE('',#1744,#1745);
#1744 = CARTESIAN_POINT('',(-0.59,-0.3,2.1));
#1745 = VECTOR('',#1746,1.);
#1746 = DIRECTION('',(1.,-1.110223024625E-16,0.));
#1747 = ORIENTED_EDGE('',*,*,#1748,.F.);
#1748 = EDGE_CURVE('',#1749,#1741,#1751,.T.);
#1749 = VERTEX_POINT('',#1750);
#1750 = CARTESIAN_POINT('',(-0.59,0.3,2.1));
#1751 = LINE('',#1752,#1753);
#1752 = CARTESIAN_POINT('',(-0.59,0.3,2.1));
#1753 = VECTOR('',#1754,1.);
#1754 = DIRECTION('',(-1.110223024625E-16,-1.,0.));
#1755 = ORIENTED_EDGE('',*,*,#1756,.F.);
#1756 = EDGE_CURVE('',#1733,#1749,#1757,.T.);
#1757 = LINE('',#1758,#1759);
#1758 = CARTESIAN_POINT('',(1.E-02,0.3,2.1));
#1759 = VECTOR('',#1760,1.);
#1760 = DIRECTION('',(-1.,1.110223024625E-16,0.));
#1761 = PLANE('',#1762);
#1762 = AXIS2_PLACEMENT_3D('',#1763,#1764,#1765);
#1763 = CARTESIAN_POINT('',(-0.29,-0.5,2.1));
#1764 = DIRECTION('',(0.,0.,1.));
#1765 = DIRECTION('',(1.110223024625E-16,1.,-0.));
#1766 = ADVANCED_FACE('',(#1767),#1783,.F.);
#1767 = FACE_BOUND('',#1768,.F.);
#1768 = EDGE_LOOP('',(#1769,#1770,#1776,#1777));
#1769 = ORIENTED_EDGE('',*,*,#1542,.T.);
#1770 = ORIENTED_EDGE('',*,*,#1771,.F.);
#1771 = EDGE_CURVE('',#1631,#1545,#1772,.T.);
#1772 = LINE('',#1773,#1774);
#1773 = CARTESIAN_POINT('',(-0.79,0.75,0.));
#1774 = VECTOR('',#1775,1.);
#1775 = DIRECTION('',(-1.110223024625E-16,-1.,0.));
#1776 = ORIENTED_EDGE('',*,*,#1630,.T.);
#1777 = ORIENTED_EDGE('',*,*,#1778,.T.);
#1778 = EDGE_CURVE('',#1623,#1543,#1779,.T.);
#1779 = LINE('',#1780,#1781);
#1780 = CARTESIAN_POINT('',(-1.04,0.75,0.));
#1781 = VECTOR('',#1782,1.);
#1782 = DIRECTION('',(-1.110223024625E-16,-1.,0.));
#1783 = PLANE('',#1784);
#1784 = AXIS2_PLACEMENT_3D('',#1785,#1786,#1787);
#1785 = CARTESIAN_POINT('',(-0.29,-0.5,0.));
#1786 = DIRECTION('',(0.,0.,1.));
#1787 = DIRECTION('',(1.110223024625E-16,1.,-0.));
#1788 = ADVANCED_FACE('',(#1789),#1800,.T.);
#1789 = FACE_BOUND('',#1790,.T.);
#1790 = EDGE_LOOP('',(#1791,#1792,#1798,#1799));
#1791 = ORIENTED_EDGE('',*,*,#1638,.T.);
#1792 = ORIENTED_EDGE('',*,*,#1793,.T.);
#1793 = EDGE_CURVE('',#1639,#1584,#1794,.T.);
#1794 = LINE('',#1795,#1796);
#1795 = CARTESIAN_POINT('',(-0.79,0.75,0.1));
#1796 = VECTOR('',#1797,1.);
#1797 = DIRECTION('',(-1.110223024625E-16,-1.,0.));
#1798 = ORIENTED_EDGE('',*,*,#1591,.F.);
#1799 = ORIENTED_EDGE('',*,*,#1771,.F.);
#1800 = PLANE('',#1801);
#1801 = AXIS2_PLACEMENT_3D('',#1802,#1803,#1804);
#1802 = CARTESIAN_POINT('',(-0.79,0.75,0.));
#1803 = DIRECTION('',(1.,-1.110223024625E-16,0.));
#1804 = DIRECTION('',(-1.110223024625E-16,-1.,0.));
#1805 = ADVANCED_FACE('',(#1806,#1817,#1899),#1981,.F.);
#1806 = FACE_BOUND('',#1807,.F.);
#1807 = EDGE_LOOP('',(#1808,#1814,#1815,#1816));
#1808 = ORIENTED_EDGE('',*,*,#1809,.T.);
#1809 = EDGE_CURVE('',#1576,#1647,#1810,.T.);
#1810 = LINE('',#1811,#1812);
#1811 = CARTESIAN_POINT('',(0.21,-1.75,0.1));
#1812 = VECTOR('',#1813,1.);
#1813 = DIRECTION('',(1.110223024625E-16,1.,0.));
#1814 = ORIENTED_EDGE('',*,*,#1646,.T.);
#1815 = ORIENTED_EDGE('',*,*,#1793,.T.);
#1816 = ORIENTED_EDGE('',*,*,#1583,.T.);
#1817 = FACE_BOUND('',#1818,.F.);
#1818 = EDGE_LOOP('',(#1819,#1829,#1837,#1845,#1853,#1861,#1869,#1877,
    #1885,#1893));
#1819 = ORIENTED_EDGE('',*,*,#1820,.F.);
#1820 = EDGE_CURVE('',#1821,#1823,#1825,.T.);
#1821 = VERTEX_POINT('',#1822);
#1822 = CARTESIAN_POINT('',(-5.E-02,-0.85,0.1));
#1823 = VERTEX_POINT('',#1824);
#1824 = CARTESIAN_POINT('',(-0.24,-0.85,0.1));
#1825 = LINE('',#1826,#1827);
#1826 = CARTESIAN_POINT('',(5.E-02,-0.85,0.1));
#1827 = VECTOR('',#1828,1.);
#1828 = DIRECTION('',(-1.,1.110223024625E-16,0.));
#1829 = ORIENTED_EDGE('',*,*,#1830,.F.);
#1830 = EDGE_CURVE('',#1831,#1821,#1833,.T.);
#1831 = VERTEX_POINT('',#1832);
#1832 = CARTESIAN_POINT('',(5.E-02,-0.85,0.1));
#1833 = LINE('',#1834,#1835);
#1834 = CARTESIAN_POINT('',(-0.17,-0.85,0.1));
#1835 = VECTOR('',#1836,1.);
#1836 = DIRECTION('',(-1.,1.110223024625E-16,0.));
#1837 = ORIENTED_EDGE('',*,*,#1838,.T.);
#1838 = EDGE_CURVE('',#1831,#1839,#1841,.T.);
#1839 = VERTEX_POINT('',#1840);
#1840 = CARTESIAN_POINT('',(5.E-02,-1.15,0.1));
#1841 = LINE('',#1842,#1843);
#1842 = CARTESIAN_POINT('',(5.E-02,-0.75,0.1));
#1843 = VECTOR('',#1844,1.);
#1844 = DIRECTION('',(-1.110223024625E-16,-1.,0.));
#1845 = ORIENTED_EDGE('',*,*,#1846,.F.);
#1846 = EDGE_CURVE('',#1847,#1839,#1849,.T.);
#1847 = VERTEX_POINT('',#1848);
#1848 = CARTESIAN_POINT('',(-5.E-02,-1.15,0.1));
#1849 = LINE('',#1850,#1851);
#1850 = CARTESIAN_POINT('',(-0.17,-1.15,0.1));
#1851 = VECTOR('',#1852,1.);
#1852 = DIRECTION('',(1.,-1.110223024625E-16,0.));
#1853 = ORIENTED_EDGE('',*,*,#1854,.F.);
#1854 = EDGE_CURVE('',#1855,#1847,#1857,.T.);
#1855 = VERTEX_POINT('',#1856);
#1856 = CARTESIAN_POINT('',(-0.24,-1.15,0.1));
#1857 = LINE('',#1858,#1859);
#1858 = CARTESIAN_POINT('',(-0.24,-1.15,0.1));
#1859 = VECTOR('',#1860,1.);
#1860 = DIRECTION('',(1.,-1.110223024625E-16,0.));
#1861 = ORIENTED_EDGE('',*,*,#1862,.T.);
#1862 = EDGE_CURVE('',#1855,#1863,#1865,.T.);
#1863 = VERTEX_POINT('',#1864);
#1864 = CARTESIAN_POINT('',(-0.24,-1.225,0.1));
#1865 = LINE('',#1866,#1867);
#1866 = CARTESIAN_POINT('',(-0.24,-0.775,0.1));
#1867 = VECTOR('',#1868,1.);
#1868 = DIRECTION('',(-1.110223024625E-16,-1.,0.));
#1869 = ORIENTED_EDGE('',*,*,#1870,.F.);
#1870 = EDGE_CURVE('',#1871,#1863,#1873,.T.);
#1871 = VERTEX_POINT('',#1872);
#1872 = CARTESIAN_POINT('',(-0.34,-1.225,0.1));
#1873 = LINE('',#1874,#1875);
#1874 = CARTESIAN_POINT('',(-0.34,-1.225,0.1));
#1875 = VECTOR('',#1876,1.);
#1876 = DIRECTION('',(1.,-1.110223024625E-16,0.));
#1877 = ORIENTED_EDGE('',*,*,#1878,.T.);
#1878 = EDGE_CURVE('',#1871,#1879,#1881,.T.);
#1879 = VERTEX_POINT('',#1880);
#1880 = CARTESIAN_POINT('',(-0.34,-0.775,0.1));
#1881 = LINE('',#1882,#1883);
#1882 = CARTESIAN_POINT('',(-0.34,-1.225,0.1));
#1883 = VECTOR('',#1884,1.);
#1884 = DIRECTION('',(1.110223024625E-16,1.,0.));
#1885 = ORIENTED_EDGE('',*,*,#1886,.T.);
#1886 = EDGE_CURVE('',#1879,#1887,#1889,.T.);
#1887 = VERTEX_POINT('',#1888);
#1888 = CARTESIAN_POINT('',(-0.24,-0.775,0.1));
#1889 = LINE('',#1890,#1891);
#1890 = CARTESIAN_POINT('',(-0.34,-0.775,0.1));
#1891 = VECTOR('',#1892,1.);
#1892 = DIRECTION('',(1.,-1.110223024625E-16,0.));
#1893 = ORIENTED_EDGE('',*,*,#1894,.T.);
#1894 = EDGE_CURVE('',#1887,#1823,#1895,.T.);
#1895 = LINE('',#1896,#1897);
#1896 = CARTESIAN_POINT('',(-0.24,-0.775,0.1));
#1897 = VECTOR('',#1898,1.);
#1898 = DIRECTION('',(-1.110223024625E-16,-1.,0.));
#1899 = FACE_BOUND('',#1900,.F.);
#1900 = EDGE_LOOP('',(#1901,#1911,#1919,#1927,#1935,#1943,#1951,#1959,
    #1967,#1975));
#1901 = ORIENTED_EDGE('',*,*,#1902,.F.);
#1902 = EDGE_CURVE('',#1903,#1905,#1907,.T.);
#1903 = VERTEX_POINT('',#1904);
#1904 = CARTESIAN_POINT('',(-5.E-02,0.15,0.1));
#1905 = VERTEX_POINT('',#1906);
#1906 = CARTESIAN_POINT('',(-0.24,0.15,0.1));
#1907 = LINE('',#1908,#1909);
#1908 = CARTESIAN_POINT('',(5.E-02,0.15,0.1));
#1909 = VECTOR('',#1910,1.);
#1910 = DIRECTION('',(-1.,1.110223024625E-16,0.));
#1911 = ORIENTED_EDGE('',*,*,#1912,.F.);
#1912 = EDGE_CURVE('',#1913,#1903,#1915,.T.);
#1913 = VERTEX_POINT('',#1914);
#1914 = CARTESIAN_POINT('',(5.E-02,0.15,0.1));
#1915 = LINE('',#1916,#1917);
#1916 = CARTESIAN_POINT('',(-0.17,0.15,0.1));
#1917 = VECTOR('',#1918,1.);
#1918 = DIRECTION('',(-1.,1.110223024625E-16,0.));
#1919 = ORIENTED_EDGE('',*,*,#1920,.T.);
#1920 = EDGE_CURVE('',#1913,#1921,#1923,.T.);
#1921 = VERTEX_POINT('',#1922);
#1922 = CARTESIAN_POINT('',(5.E-02,-0.15,0.1));
#1923 = LINE('',#1924,#1925);
#1924 = CARTESIAN_POINT('',(5.E-02,-0.25,0.1));
#1925 = VECTOR('',#1926,1.);
#1926 = DIRECTION('',(-1.110223024625E-16,-1.,0.));
#1927 = ORIENTED_EDGE('',*,*,#1928,.F.);
#1928 = EDGE_CURVE('',#1929,#1921,#1931,.T.);
#1929 = VERTEX_POINT('',#1930);
#1930 = CARTESIAN_POINT('',(-5.E-02,-0.15,0.1));
#1931 = LINE('',#1932,#1933);
#1932 = CARTESIAN_POINT('',(-0.17,-0.15,0.1));
#1933 = VECTOR('',#1934,1.);
#1934 = DIRECTION('',(1.,-1.110223024625E-16,0.));
#1935 = ORIENTED_EDGE('',*,*,#1936,.F.);
#1936 = EDGE_CURVE('',#1937,#1929,#1939,.T.);
#1937 = VERTEX_POINT('',#1938);
#1938 = CARTESIAN_POINT('',(-0.24,-0.15,0.1));
#1939 = LINE('',#1940,#1941);
#1940 = CARTESIAN_POINT('',(-0.24,-0.15,0.1));
#1941 = VECTOR('',#1942,1.);
#1942 = DIRECTION('',(1.,-1.110223024625E-16,0.));
#1943 = ORIENTED_EDGE('',*,*,#1944,.T.);
#1944 = EDGE_CURVE('',#1937,#1945,#1947,.T.);
#1945 = VERTEX_POINT('',#1946);
#1946 = CARTESIAN_POINT('',(-0.24,-0.225,0.1));
#1947 = LINE('',#1948,#1949);
#1948 = CARTESIAN_POINT('',(-0.24,0.225,0.1));
#1949 = VECTOR('',#1950,1.);
#1950 = DIRECTION('',(-1.110223024625E-16,-1.,0.));
#1951 = ORIENTED_EDGE('',*,*,#1952,.F.);
#1952 = EDGE_CURVE('',#1953,#1945,#1955,.T.);
#1953 = VERTEX_POINT('',#1954);
#1954 = CARTESIAN_POINT('',(-0.34,-0.225,0.1));
#1955 = LINE('',#1956,#1957);
#1956 = CARTESIAN_POINT('',(-0.34,-0.225,0.1));
#1957 = VECTOR('',#1958,1.);
#1958 = DIRECTION('',(1.,-1.110223024625E-16,0.));
#1959 = ORIENTED_EDGE('',*,*,#1960,.T.);
#1960 = EDGE_CURVE('',#1953,#1961,#1963,.T.);
#1961 = VERTEX_POINT('',#1962);
#1962 = CARTESIAN_POINT('',(-0.34,0.225,0.1));
#1963 = LINE('',#1964,#1965);
#1964 = CARTESIAN_POINT('',(-0.34,-0.225,0.1));
#1965 = VECTOR('',#1966,1.);
#1966 = DIRECTION('',(1.110223024625E-16,1.,0.));
#1967 = ORIENTED_EDGE('',*,*,#1968,.T.);
#1968 = EDGE_CURVE('',#1961,#1969,#1971,.T.);
#1969 = VERTEX_POINT('',#1970);
#1970 = CARTESIAN_POINT('',(-0.24,0.225,0.1));
#1971 = LINE('',#1972,#1973);
#1972 = CARTESIAN_POINT('',(-0.34,0.225,0.1));
#1973 = VECTOR('',#1974,1.);
#1974 = DIRECTION('',(1.,-1.110223024625E-16,0.));
#1975 = ORIENTED_EDGE('',*,*,#1976,.T.);
#1976 = EDGE_CURVE('',#1969,#1905,#1977,.T.);
#1977 = LINE('',#1978,#1979);
#1978 = CARTESIAN_POINT('',(-0.24,0.225,0.1));
#1979 = VECTOR('',#1980,1.);
#1980 = DIRECTION('',(-1.110223024625E-16,-1.,0.));
#1981 = PLANE('',#1982);
#1982 = AXIS2_PLACEMENT_3D('',#1983,#1984,#1985);
#1983 = CARTESIAN_POINT('',(-0.29,-0.5,0.1));
#1984 = DIRECTION('',(0.,0.,1.));
#1985 = DIRECTION('',(1.110223024625E-16,1.,-0.));
#1986 = ADVANCED_FACE('',(#1987),#1993,.T.);
#1987 = FACE_BOUND('',#1988,.T.);
#1988 = EDGE_LOOP('',(#1989,#1990,#1991,#1992));
#1989 = ORIENTED_EDGE('',*,*,#1575,.T.);
#1990 = ORIENTED_EDGE('',*,*,#1809,.T.);
#1991 = ORIENTED_EDGE('',*,*,#1654,.F.);
#1992 = ORIENTED_EDGE('',*,*,#1671,.F.);
#1993 = PLANE('',#1994);
#1994 = AXIS2_PLACEMENT_3D('',#1995,#1996,#1997);
#1995 = CARTESIAN_POINT('',(0.21,-1.75,0.));
#1996 = DIRECTION('',(-1.,1.110223024625E-16,0.));
#1997 = DIRECTION('',(1.110223024625E-16,1.,0.));
#1998 = ADVANCED_FACE('',(#1999),#2005,.F.);
#1999 = FACE_BOUND('',#2000,.F.);
#2000 = EDGE_LOOP('',(#2001,#2002,#2003,#2004));
#2001 = ORIENTED_EDGE('',*,*,#1622,.T.);
#2002 = ORIENTED_EDGE('',*,*,#1687,.T.);
#2003 = ORIENTED_EDGE('',*,*,#1552,.F.);
#2004 = ORIENTED_EDGE('',*,*,#1778,.F.);
#2005 = PLANE('',#2006);
#2006 = AXIS2_PLACEMENT_3D('',#2007,#2008,#2009);
#2007 = CARTESIAN_POINT('',(-1.04,0.75,0.));
#2008 = DIRECTION('',(1.,-1.110223024625E-16,0.));
#2009 = DIRECTION('',(-1.110223024625E-16,-1.,0.));
#2010 = ADVANCED_FACE('',(#2011),#2036,.T.);
#2011 = FACE_BOUND('',#2012,.T.);
#2012 = EDGE_LOOP('',(#2013,#2021,#2022,#2030));
#2013 = ORIENTED_EDGE('',*,*,#2014,.F.);
#2014 = EDGE_CURVE('',#1697,#2015,#2017,.T.);
#2015 = VERTEX_POINT('',#2016);
#2016 = CARTESIAN_POINT('',(-0.14,-1.15,1.95));
#2017 = LINE('',#2018,#2019);
#2018 = CARTESIAN_POINT('',(-0.14,-1.15,1.95));
#2019 = VECTOR('',#2020,1.);
#2020 = DIRECTION('',(-0.57735026919,0.57735026919,-0.57735026919));
#2021 = ORIENTED_EDGE('',*,*,#1696,.T.);
#2022 = ORIENTED_EDGE('',*,*,#2023,.T.);
#2023 = EDGE_CURVE('',#1699,#2024,#2026,.T.);
#2024 = VERTEX_POINT('',#2025);
#2025 = CARTESIAN_POINT('',(-0.14,-0.85,1.95));
#2026 = LINE('',#2027,#2028);
#2027 = CARTESIAN_POINT('',(-0.14,-0.85,1.95));
#2028 = VECTOR('',#2029,1.);
#2029 = DIRECTION('',(-0.57735026919,-0.57735026919,-0.57735026919));
#2030 = ORIENTED_EDGE('',*,*,#2031,.F.);
#2031 = EDGE_CURVE('',#2015,#2024,#2032,.T.);
#2032 = LINE('',#2033,#2034);
#2033 = CARTESIAN_POINT('',(-0.14,-1.3,1.95));
#2034 = VECTOR('',#2035,1.);
#2035 = DIRECTION('',(1.110223024625E-16,1.,0.));
#2036 = PLANE('',#2037);
#2037 = AXIS2_PLACEMENT_3D('',#2038,#2039,#2040);
#2038 = CARTESIAN_POINT('',(-6.5E-02,-1.3,2.025));
#2039 = DIRECTION('',(-0.707106781187,7.850462293414E-17,0.707106781187)
  );
#2040 = DIRECTION('',(1.110223024625E-16,1.,2.68018785873E-29));
#2041 = ADVANCED_FACE('',(#2042),#2060,.T.);
#2042 = FACE_BOUND('',#2043,.T.);
#2043 = EDGE_LOOP('',(#2044,#2045,#2046,#2054));
#2044 = ORIENTED_EDGE('',*,*,#2023,.F.);
#2045 = ORIENTED_EDGE('',*,*,#1722,.T.);
#2046 = ORIENTED_EDGE('',*,*,#2047,.T.);
#2047 = EDGE_CURVE('',#1715,#2048,#2050,.T.);
#2048 = VERTEX_POINT('',#2049);
#2049 = CARTESIAN_POINT('',(-0.44,-0.85,1.95));
#2050 = LINE('',#2051,#2052);
#2051 = CARTESIAN_POINT('',(-0.44,-0.85,1.95));
#2052 = VECTOR('',#2053,1.);
#2053 = DIRECTION('',(0.57735026919,-0.57735026919,-0.57735026919));
#2054 = ORIENTED_EDGE('',*,*,#2055,.F.);
#2055 = EDGE_CURVE('',#2024,#2048,#2056,.T.);
#2056 = LINE('',#2057,#2058);
#2057 = CARTESIAN_POINT('',(1.E-02,-0.85,1.95));
#2058 = VECTOR('',#2059,1.);
#2059 = DIRECTION('',(-1.,1.110223024625E-16,0.));
#2060 = PLANE('',#2061);
#2061 = AXIS2_PLACEMENT_3D('',#2062,#2063,#2064);
#2062 = CARTESIAN_POINT('',(1.E-02,-0.775,2.025));
#2063 = DIRECTION('',(-8.0239736679E-17,-0.707106781187,0.707106781187)
  );
#2064 = DIRECTION('',(-1.,1.122492131576E-16,-1.226910695102E-18));
#2065 = ADVANCED_FACE('',(#2066),#2084,.T.);
#2066 = FACE_BOUND('',#2067,.T.);
#2067 = EDGE_LOOP('',(#2068,#2069,#2070,#2078));
#2068 = ORIENTED_EDGE('',*,*,#2047,.F.);
#2069 = ORIENTED_EDGE('',*,*,#1714,.T.);
#2070 = ORIENTED_EDGE('',*,*,#2071,.T.);
#2071 = EDGE_CURVE('',#1707,#2072,#2074,.T.);
#2072 = VERTEX_POINT('',#2073);
#2073 = CARTESIAN_POINT('',(-0.44,-1.15,1.95));
#2074 = LINE('',#2075,#2076);
#2075 = CARTESIAN_POINT('',(-0.44,-1.15,1.95));
#2076 = VECTOR('',#2077,1.);
#2077 = DIRECTION('',(0.57735026919,0.57735026919,-0.57735026919));
#2078 = ORIENTED_EDGE('',*,*,#2079,.F.);
#2079 = EDGE_CURVE('',#2048,#2072,#2080,.T.);
#2080 = LINE('',#2081,#2082);
#2081 = CARTESIAN_POINT('',(-0.44,-0.7,1.95));
#2082 = VECTOR('',#2083,1.);
#2083 = DIRECTION('',(-1.110223024625E-16,-1.,0.));
#2084 = PLANE('',#2085);
#2085 = AXIS2_PLACEMENT_3D('',#2086,#2087,#2088);
#2086 = CARTESIAN_POINT('',(-0.515,-0.7,2.025));
#2087 = DIRECTION('',(0.707106781187,-7.850462293414E-17,0.707106781187)
  );
#2088 = DIRECTION('',(-1.110223024625E-16,-1.,2.68018785873E-29));
#2089 = ADVANCED_FACE('',(#2090),#2101,.T.);
#2090 = FACE_BOUND('',#2091,.T.);
#2091 = EDGE_LOOP('',(#2092,#2093,#2094,#2095));
#2092 = ORIENTED_EDGE('',*,*,#2071,.F.);
#2093 = ORIENTED_EDGE('',*,*,#1706,.T.);
#2094 = ORIENTED_EDGE('',*,*,#2014,.T.);
#2095 = ORIENTED_EDGE('',*,*,#2096,.F.);
#2096 = EDGE_CURVE('',#2072,#2015,#2097,.T.);
#2097 = LINE('',#2098,#2099);
#2098 = CARTESIAN_POINT('',(-0.59,-1.15,1.95));
#2099 = VECTOR('',#2100,1.);
#2100 = DIRECTION('',(1.,-1.110223024625E-16,0.));
#2101 = PLANE('',#2102);
#2102 = AXIS2_PLACEMENT_3D('',#2103,#2104,#2105);
#2103 = CARTESIAN_POINT('',(-0.59,-1.225,2.025));
#2104 = DIRECTION('',(7.850462293414E-17,0.707106781187,0.707106781187)
  );
#2105 = DIRECTION('',(1.,-1.110223024625E-16,2.680187753847E-29));
#2106 = ADVANCED_FACE('',(#2107),#2132,.T.);
#2107 = FACE_BOUND('',#2108,.T.);
#2108 = EDGE_LOOP('',(#2109,#2117,#2118,#2126));
#2109 = ORIENTED_EDGE('',*,*,#2110,.F.);
#2110 = EDGE_CURVE('',#1731,#2111,#2113,.T.);
#2111 = VERTEX_POINT('',#2112);
#2112 = CARTESIAN_POINT('',(-0.14,-0.15,1.95));
#2113 = LINE('',#2114,#2115);
#2114 = CARTESIAN_POINT('',(-0.14,-0.15,1.95));
#2115 = VECTOR('',#2116,1.);
#2116 = DIRECTION('',(-0.57735026919,0.57735026919,-0.57735026919));
#2117 = ORIENTED_EDGE('',*,*,#1730,.T.);
#2118 = ORIENTED_EDGE('',*,*,#2119,.T.);
#2119 = EDGE_CURVE('',#1733,#2120,#2122,.T.);
#2120 = VERTEX_POINT('',#2121);
#2121 = CARTESIAN_POINT('',(-0.14,0.15,1.95));
#2122 = LINE('',#2123,#2124);
#2123 = CARTESIAN_POINT('',(-0.14,0.15,1.95));
#2124 = VECTOR('',#2125,1.);
#2125 = DIRECTION('',(-0.57735026919,-0.57735026919,-0.57735026919));
#2126 = ORIENTED_EDGE('',*,*,#2127,.F.);
#2127 = EDGE_CURVE('',#2111,#2120,#2128,.T.);
#2128 = LINE('',#2129,#2130);
#2129 = CARTESIAN_POINT('',(-0.14,-0.3,1.95));
#2130 = VECTOR('',#2131,1.);
#2131 = DIRECTION('',(1.110223024625E-16,1.,0.));
#2132 = PLANE('',#2133);
#2133 = AXIS2_PLACEMENT_3D('',#2134,#2135,#2136);
#2134 = CARTESIAN_POINT('',(-6.5E-02,-0.3,2.025));
#2135 = DIRECTION('',(-0.707106781187,7.850462293414E-17,0.707106781187)
  );
#2136 = DIRECTION('',(1.110223024625E-16,1.,2.68018785873E-29));
#2137 = ADVANCED_FACE('',(#2138),#2156,.T.);
#2138 = FACE_BOUND('',#2139,.T.);
#2139 = EDGE_LOOP('',(#2140,#2141,#2142,#2150));
#2140 = ORIENTED_EDGE('',*,*,#2119,.F.);
#2141 = ORIENTED_EDGE('',*,*,#1756,.T.);
#2142 = ORIENTED_EDGE('',*,*,#2143,.T.);
#2143 = EDGE_CURVE('',#1749,#2144,#2146,.T.);
#2144 = VERTEX_POINT('',#2145);
#2145 = CARTESIAN_POINT('',(-0.44,0.15,1.95));
#2146 = LINE('',#2147,#2148);
#2147 = CARTESIAN_POINT('',(-0.44,0.15,1.95));
#2148 = VECTOR('',#2149,1.);
#2149 = DIRECTION('',(0.57735026919,-0.57735026919,-0.57735026919));
#2150 = ORIENTED_EDGE('',*,*,#2151,.F.);
#2151 = EDGE_CURVE('',#2120,#2144,#2152,.T.);
#2152 = LINE('',#2153,#2154);
#2153 = CARTESIAN_POINT('',(1.E-02,0.15,1.95));
#2154 = VECTOR('',#2155,1.);
#2155 = DIRECTION('',(-1.,1.110223024625E-16,0.));
#2156 = PLANE('',#2157);
#2157 = AXIS2_PLACEMENT_3D('',#2158,#2159,#2160);
#2158 = CARTESIAN_POINT('',(1.E-02,0.225,2.025));
#2159 = DIRECTION('',(-8.0239736679E-17,-0.707106781187,0.707106781187)
  );
#2160 = DIRECTION('',(-1.,1.122492131576E-16,-1.226910695102E-18));
#2161 = ADVANCED_FACE('',(#2162),#2180,.T.);
#2162 = FACE_BOUND('',#2163,.T.);
#2163 = EDGE_LOOP('',(#2164,#2165,#2166,#2174));
#2164 = ORIENTED_EDGE('',*,*,#2143,.F.);
#2165 = ORIENTED_EDGE('',*,*,#1748,.T.);
#2166 = ORIENTED_EDGE('',*,*,#2167,.T.);
#2167 = EDGE_CURVE('',#1741,#2168,#2170,.T.);
#2168 = VERTEX_POINT('',#2169);
#2169 = CARTESIAN_POINT('',(-0.44,-0.15,1.95));
#2170 = LINE('',#2171,#2172);
#2171 = CARTESIAN_POINT('',(-0.44,-0.15,1.95));
#2172 = VECTOR('',#2173,1.);
#2173 = DIRECTION('',(0.57735026919,0.57735026919,-0.57735026919));
#2174 = ORIENTED_EDGE('',*,*,#2175,.F.);
#2175 = EDGE_CURVE('',#2144,#2168,#2176,.T.);
#2176 = LINE('',#2177,#2178);
#2177 = CARTESIAN_POINT('',(-0.44,0.3,1.95));
#2178 = VECTOR('',#2179,1.);
#2179 = DIRECTION('',(-1.110223024625E-16,-1.,0.));
#2180 = PLANE('',#2181);
#2181 = AXIS2_PLACEMENT_3D('',#2182,#2183,#2184);
#2182 = CARTESIAN_POINT('',(-0.515,0.3,2.025));
#2183 = DIRECTION('',(0.707106781187,-7.850462293414E-17,0.707106781187)
  );
#2184 = DIRECTION('',(-1.110223024625E-16,-1.,2.68018785873E-29));
#2185 = ADVANCED_FACE('',(#2186),#2197,.T.);
#2186 = FACE_BOUND('',#2187,.T.);
#2187 = EDGE_LOOP('',(#2188,#2189,#2190,#2191));
#2188 = ORIENTED_EDGE('',*,*,#2167,.F.);
#2189 = ORIENTED_EDGE('',*,*,#1740,.T.);
#2190 = ORIENTED_EDGE('',*,*,#2110,.T.);
#2191 = ORIENTED_EDGE('',*,*,#2192,.F.);
#2192 = EDGE_CURVE('',#2168,#2111,#2193,.T.);
#2193 = LINE('',#2194,#2195);
#2194 = CARTESIAN_POINT('',(-0.59,-0.15,1.95));
#2195 = VECTOR('',#2196,1.);
#2196 = DIRECTION('',(1.,-1.110223024625E-16,0.));
#2197 = PLANE('',#2198);
#2198 = AXIS2_PLACEMENT_3D('',#2199,#2200,#2201);
#2199 = CARTESIAN_POINT('',(-0.59,-0.225,2.025));
#2200 = DIRECTION('',(7.850462293414E-17,0.707106781187,0.707106781187)
  );
#2201 = DIRECTION('',(1.,-1.110223024625E-16,2.680187753847E-29));
#2202 = ADVANCED_FACE('',(#2203),#2218,.T.);
#2203 = FACE_BOUND('',#2204,.T.);
#2204 = EDGE_LOOP('',(#2205,#2206,#2207,#2208,#2209,#2210,#2216,#2217));
#2205 = ORIENTED_EDGE('',*,*,#1870,.F.);
#2206 = ORIENTED_EDGE('',*,*,#1878,.T.);
#2207 = ORIENTED_EDGE('',*,*,#1886,.T.);
#2208 = ORIENTED_EDGE('',*,*,#1894,.T.);
#2209 = ORIENTED_EDGE('',*,*,#1820,.F.);
#2210 = ORIENTED_EDGE('',*,*,#2211,.T.);
#2211 = EDGE_CURVE('',#1821,#1847,#2212,.T.);
#2212 = LINE('',#2213,#2214);
#2213 = CARTESIAN_POINT('',(-5.E-02,-0.85,0.1));
#2214 = VECTOR('',#2215,1.);
#2215 = DIRECTION('',(-1.110223024625E-16,-1.,0.));
#2216 = ORIENTED_EDGE('',*,*,#1854,.F.);
#2217 = ORIENTED_EDGE('',*,*,#1862,.T.);
#2218 = PLANE('',#2219);
#2219 = AXIS2_PLACEMENT_3D('',#2220,#2221,#2222);
#2220 = CARTESIAN_POINT('',(-0.34,-1.15,0.1));
#2221 = DIRECTION('',(0.,-0.,-1.));
#2222 = DIRECTION('',(-1.110223024625E-16,-1.,0.));
#2223 = ADVANCED_FACE('',(#2224),#2249,.T.);
#2224 = FACE_BOUND('',#2225,.T.);
#2225 = EDGE_LOOP('',(#2226,#2234,#2242,#2248));
#2226 = ORIENTED_EDGE('',*,*,#2227,.F.);
#2227 = EDGE_CURVE('',#2228,#1847,#2230,.T.);
#2228 = VERTEX_POINT('',#2229);
#2229 = CARTESIAN_POINT('',(-5.E-02,-1.15,-1.6));
#2230 = LINE('',#2231,#2232);
#2231 = CARTESIAN_POINT('',(-5.E-02,-1.15,-1.6));
#2232 = VECTOR('',#2233,1.);
#2233 = DIRECTION('',(0.,0.,1.));
#2234 = ORIENTED_EDGE('',*,*,#2235,.T.);
#2235 = EDGE_CURVE('',#2228,#2236,#2238,.T.);
#2236 = VERTEX_POINT('',#2237);
#2237 = CARTESIAN_POINT('',(5.E-02,-1.15,-1.6));
#2238 = LINE('',#2239,#2240);
#2239 = CARTESIAN_POINT('',(-5.E-02,-1.15,-1.6));
#2240 = VECTOR('',#2241,1.);
#2241 = DIRECTION('',(1.,-1.110223024625E-16,0.));
#2242 = ORIENTED_EDGE('',*,*,#2243,.F.);
#2243 = EDGE_CURVE('',#1839,#2236,#2244,.T.);
#2244 = LINE('',#2245,#2246);
#2245 = CARTESIAN_POINT('',(5.E-02,-1.15,0.2));
#2246 = VECTOR('',#2247,1.);
#2247 = DIRECTION('',(0.,0.,-1.));
#2248 = ORIENTED_EDGE('',*,*,#1846,.F.);
#2249 = PLANE('',#2250);
#2250 = AXIS2_PLACEMENT_3D('',#2251,#2252,#2253);
#2251 = CARTESIAN_POINT('',(-5.E-02,-1.15,-1.6));
#2252 = DIRECTION('',(-1.110223024625E-16,-1.,0.));
#2253 = DIRECTION('',(0.,0.,1.));
#2254 = ADVANCED_FACE('',(#2255),#2289,.F.);
#2255 = FACE_BOUND('',#2256,.F.);
#2256 = EDGE_LOOP('',(#2257,#2265,#2273,#2281,#2287,#2288));
#2257 = ORIENTED_EDGE('',*,*,#2258,.T.);
#2258 = EDGE_CURVE('',#1831,#2259,#2261,.T.);
#2259 = VERTEX_POINT('',#2260);
#2260 = CARTESIAN_POINT('',(5.E-02,-0.85,-1.6));
#2261 = LINE('',#2262,#2263);
#2262 = CARTESIAN_POINT('',(5.E-02,-0.85,0.2));
#2263 = VECTOR('',#2264,1.);
#2264 = DIRECTION('',(0.,0.,-1.));
#2265 = ORIENTED_EDGE('',*,*,#2266,.T.);
#2266 = EDGE_CURVE('',#2259,#2267,#2269,.T.);
#2267 = VERTEX_POINT('',#2268);
#2268 = CARTESIAN_POINT('',(5.E-02,-0.925,-1.9));
#2269 = LINE('',#2270,#2271);
#2270 = CARTESIAN_POINT('',(5.E-02,-0.85,-1.6));
#2271 = VECTOR('',#2272,1.);
#2272 = DIRECTION('',(-2.692686352073E-17,-0.242535625036,
    -0.970142500145));
#2273 = ORIENTED_EDGE('',*,*,#2274,.T.);
#2274 = EDGE_CURVE('',#2267,#2275,#2277,.T.);
#2275 = VERTEX_POINT('',#2276);
#2276 = CARTESIAN_POINT('',(5.E-02,-1.075,-1.9));
#2277 = LINE('',#2278,#2279);
#2278 = CARTESIAN_POINT('',(5.E-02,-0.925,-1.9));
#2279 = VECTOR('',#2280,1.);
#2280 = DIRECTION('',(-1.110223024625E-16,-1.,0.));
#2281 = ORIENTED_EDGE('',*,*,#2282,.T.);
#2282 = EDGE_CURVE('',#2275,#2236,#2283,.T.);
#2283 = LINE('',#2284,#2285);
#2284 = CARTESIAN_POINT('',(5.E-02,-1.075,-1.9));
#2285 = VECTOR('',#2286,1.);
#2286 = DIRECTION('',(-2.692686352073E-17,-0.242535625036,0.970142500145
    ));
#2287 = ORIENTED_EDGE('',*,*,#2243,.F.);
#2288 = ORIENTED_EDGE('',*,*,#1838,.F.);
#2289 = PLANE('',#2290);
#2290 = AXIS2_PLACEMENT_3D('',#2291,#2292,#2293);
#2291 = CARTESIAN_POINT('',(5.E-02,-1.,-0.869944039537));
#2292 = DIRECTION('',(-1.,1.110223024625E-16,0.));
#2293 = DIRECTION('',(0.,0.,1.));
#2294 = ADVANCED_FACE('',(#2295),#2313,.T.);
#2295 = FACE_BOUND('',#2296,.T.);
#2296 = EDGE_LOOP('',(#2297,#2305,#2311,#2312));
#2297 = ORIENTED_EDGE('',*,*,#2298,.F.);
#2298 = EDGE_CURVE('',#2299,#2259,#2301,.T.);
#2299 = VERTEX_POINT('',#2300);
#2300 = CARTESIAN_POINT('',(-5.E-02,-0.85,-1.6));
#2301 = LINE('',#2302,#2303);
#2302 = CARTESIAN_POINT('',(-5.E-02,-0.85,-1.6));
#2303 = VECTOR('',#2304,1.);
#2304 = DIRECTION('',(1.,-1.110223024625E-16,0.));
#2305 = ORIENTED_EDGE('',*,*,#2306,.F.);
#2306 = EDGE_CURVE('',#1821,#2299,#2307,.T.);
#2307 = LINE('',#2308,#2309);
#2308 = CARTESIAN_POINT('',(-5.E-02,-0.85,0.1));
#2309 = VECTOR('',#2310,1.);
#2310 = DIRECTION('',(0.,0.,-1.));
#2311 = ORIENTED_EDGE('',*,*,#1830,.F.);
#2312 = ORIENTED_EDGE('',*,*,#2258,.T.);
#2313 = PLANE('',#2314);
#2314 = AXIS2_PLACEMENT_3D('',#2315,#2316,#2317);
#2315 = CARTESIAN_POINT('',(-5.E-02,-0.85,0.1));
#2316 = DIRECTION('',(1.110223024625E-16,1.,0.));
#2317 = DIRECTION('',(0.,0.,-1.));
#2318 = ADVANCED_FACE('',(#2319),#2334,.T.);
#2319 = FACE_BOUND('',#2320,.T.);
#2320 = EDGE_LOOP('',(#2321,#2322,#2323,#2324,#2325,#2326,#2332,#2333));
#2321 = ORIENTED_EDGE('',*,*,#1952,.F.);
#2322 = ORIENTED_EDGE('',*,*,#1960,.T.);
#2323 = ORIENTED_EDGE('',*,*,#1968,.T.);
#2324 = ORIENTED_EDGE('',*,*,#1976,.T.);
#2325 = ORIENTED_EDGE('',*,*,#1902,.F.);
#2326 = ORIENTED_EDGE('',*,*,#2327,.T.);
#2327 = EDGE_CURVE('',#1903,#1929,#2328,.T.);
#2328 = LINE('',#2329,#2330);
#2329 = CARTESIAN_POINT('',(-5.E-02,0.15,0.1));
#2330 = VECTOR('',#2331,1.);
#2331 = DIRECTION('',(-1.110223024625E-16,-1.,0.));
#2332 = ORIENTED_EDGE('',*,*,#1936,.F.);
#2333 = ORIENTED_EDGE('',*,*,#1944,.T.);
#2334 = PLANE('',#2335);
#2335 = AXIS2_PLACEMENT_3D('',#2336,#2337,#2338);
#2336 = CARTESIAN_POINT('',(-0.34,-0.15,0.1));
#2337 = DIRECTION('',(0.,-0.,-1.));
#2338 = DIRECTION('',(-1.110223024625E-16,-1.,0.));
#2339 = ADVANCED_FACE('',(#2340),#2365,.T.);
#2340 = FACE_BOUND('',#2341,.T.);
#2341 = EDGE_LOOP('',(#2342,#2350,#2358,#2364));
#2342 = ORIENTED_EDGE('',*,*,#2343,.F.);
#2343 = EDGE_CURVE('',#2344,#1929,#2346,.T.);
#2344 = VERTEX_POINT('',#2345);
#2345 = CARTESIAN_POINT('',(-5.E-02,-0.15,-1.6));
#2346 = LINE('',#2347,#2348);
#2347 = CARTESIAN_POINT('',(-5.E-02,-0.15,-1.6));
#2348 = VECTOR('',#2349,1.);
#2349 = DIRECTION('',(0.,0.,1.));
#2350 = ORIENTED_EDGE('',*,*,#2351,.T.);
#2351 = EDGE_CURVE('',#2344,#2352,#2354,.T.);
#2352 = VERTEX_POINT('',#2353);
#2353 = CARTESIAN_POINT('',(5.E-02,-0.15,-1.6));
#2354 = LINE('',#2355,#2356);
#2355 = CARTESIAN_POINT('',(-5.E-02,-0.15,-1.6));
#2356 = VECTOR('',#2357,1.);
#2357 = DIRECTION('',(1.,-1.110223024625E-16,0.));
#2358 = ORIENTED_EDGE('',*,*,#2359,.F.);
#2359 = EDGE_CURVE('',#1921,#2352,#2360,.T.);
#2360 = LINE('',#2361,#2362);
#2361 = CARTESIAN_POINT('',(5.E-02,-0.15,0.2));
#2362 = VECTOR('',#2363,1.);
#2363 = DIRECTION('',(0.,0.,-1.));
#2364 = ORIENTED_EDGE('',*,*,#1928,.F.);
#2365 = PLANE('',#2366);
#2366 = AXIS2_PLACEMENT_3D('',#2367,#2368,#2369);
#2367 = CARTESIAN_POINT('',(-5.E-02,-0.15,-1.6));
#2368 = DIRECTION('',(-1.110223024625E-16,-1.,0.));
#2369 = DIRECTION('',(0.,0.,1.));
#2370 = ADVANCED_FACE('',(#2371),#2405,.F.);
#2371 = FACE_BOUND('',#2372,.F.);
#2372 = EDGE_LOOP('',(#2373,#2381,#2389,#2397,#2403,#2404));
#2373 = ORIENTED_EDGE('',*,*,#2374,.T.);
#2374 = EDGE_CURVE('',#1913,#2375,#2377,.T.);
#2375 = VERTEX_POINT('',#2376);
#2376 = CARTESIAN_POINT('',(5.E-02,0.15,-1.6));
#2377 = LINE('',#2378,#2379);
#2378 = CARTESIAN_POINT('',(5.E-02,0.15,0.2));
#2379 = VECTOR('',#2380,1.);
#2380 = DIRECTION('',(0.,0.,-1.));
#2381 = ORIENTED_EDGE('',*,*,#2382,.T.);
#2382 = EDGE_CURVE('',#2375,#2383,#2385,.T.);
#2383 = VERTEX_POINT('',#2384);
#2384 = CARTESIAN_POINT('',(5.E-02,7.5E-02,-1.9));
#2385 = LINE('',#2386,#2387);
#2386 = CARTESIAN_POINT('',(5.E-02,0.15,-1.6));
#2387 = VECTOR('',#2388,1.);
#2388 = DIRECTION('',(-2.692686352073E-17,-0.242535625036,
    -0.970142500145));
#2389 = ORIENTED_EDGE('',*,*,#2390,.T.);
#2390 = EDGE_CURVE('',#2383,#2391,#2393,.T.);
#2391 = VERTEX_POINT('',#2392);
#2392 = CARTESIAN_POINT('',(5.E-02,-7.5E-02,-1.9));
#2393 = LINE('',#2394,#2395);
#2394 = CARTESIAN_POINT('',(5.E-02,7.5E-02,-1.9));
#2395 = VECTOR('',#2396,1.);
#2396 = DIRECTION('',(-1.110223024625E-16,-1.,0.));
#2397 = ORIENTED_EDGE('',*,*,#2398,.T.);
#2398 = EDGE_CURVE('',#2391,#2352,#2399,.T.);
#2399 = LINE('',#2400,#2401);
#2400 = CARTESIAN_POINT('',(5.E-02,-7.5E-02,-1.9));
#2401 = VECTOR('',#2402,1.);
#2402 = DIRECTION('',(-2.692686352073E-17,-0.242535625036,0.970142500145
    ));
#2403 = ORIENTED_EDGE('',*,*,#2359,.F.);
#2404 = ORIENTED_EDGE('',*,*,#1920,.F.);
#2405 = PLANE('',#2406);
#2406 = AXIS2_PLACEMENT_3D('',#2407,#2408,#2409);
#2407 = CARTESIAN_POINT('',(5.E-02,-5.551115123126E-18,-0.869944039537)
  );
#2408 = DIRECTION('',(-1.,1.110223024625E-16,0.));
#2409 = DIRECTION('',(0.,0.,1.));
#2410 = ADVANCED_FACE('',(#2411),#2429,.T.);
#2411 = FACE_BOUND('',#2412,.T.);
#2412 = EDGE_LOOP('',(#2413,#2421,#2427,#2428));
#2413 = ORIENTED_EDGE('',*,*,#2414,.F.);
#2414 = EDGE_CURVE('',#2415,#2375,#2417,.T.);
#2415 = VERTEX_POINT('',#2416);
#2416 = CARTESIAN_POINT('',(-5.E-02,0.15,-1.6));
#2417 = LINE('',#2418,#2419);
#2418 = CARTESIAN_POINT('',(-5.E-02,0.15,-1.6));
#2419 = VECTOR('',#2420,1.);
#2420 = DIRECTION('',(1.,-1.110223024625E-16,0.));
#2421 = ORIENTED_EDGE('',*,*,#2422,.F.);
#2422 = EDGE_CURVE('',#1903,#2415,#2423,.T.);
#2423 = LINE('',#2424,#2425);
#2424 = CARTESIAN_POINT('',(-5.E-02,0.15,0.1));
#2425 = VECTOR('',#2426,1.);
#2426 = DIRECTION('',(0.,0.,-1.));
#2427 = ORIENTED_EDGE('',*,*,#1912,.F.);
#2428 = ORIENTED_EDGE('',*,*,#2374,.T.);
#2429 = PLANE('',#2430);
#2430 = AXIS2_PLACEMENT_3D('',#2431,#2432,#2433);
#2431 = CARTESIAN_POINT('',(-5.E-02,0.15,0.1));
#2432 = DIRECTION('',(1.110223024625E-16,1.,0.));
#2433 = DIRECTION('',(0.,0.,-1.));
#2434 = ADVANCED_FACE('',(#2435),#2460,.F.);
#2435 = FACE_BOUND('',#2436,.F.);
#2436 = EDGE_LOOP('',(#2437,#2445,#2453,#2459));
#2437 = ORIENTED_EDGE('',*,*,#2438,.T.);
#2438 = EDGE_CURVE('',#2015,#2439,#2441,.T.);
#2439 = VERTEX_POINT('',#2440);
#2440 = CARTESIAN_POINT('',(-0.14,-1.15,0.45));
#2441 = LINE('',#2442,#2443);
#2442 = CARTESIAN_POINT('',(-0.14,-1.15,1.95));
#2443 = VECTOR('',#2444,1.);
#2444 = DIRECTION('',(0.,-0.,-1.));
#2445 = ORIENTED_EDGE('',*,*,#2446,.T.);
#2446 = EDGE_CURVE('',#2439,#2447,#2449,.T.);
#2447 = VERTEX_POINT('',#2448);
#2448 = CARTESIAN_POINT('',(-0.14,-0.85,0.45));
#2449 = LINE('',#2450,#2451);
#2450 = CARTESIAN_POINT('',(-0.14,-1.15,0.45));
#2451 = VECTOR('',#2452,1.);
#2452 = DIRECTION('',(1.110223024625E-16,1.,0.));
#2453 = ORIENTED_EDGE('',*,*,#2454,.F.);
#2454 = EDGE_CURVE('',#2024,#2447,#2455,.T.);
#2455 = LINE('',#2456,#2457);
#2456 = CARTESIAN_POINT('',(-0.14,-0.85,1.95));
#2457 = VECTOR('',#2458,1.);
#2458 = DIRECTION('',(0.,-0.,-1.));
#2459 = ORIENTED_EDGE('',*,*,#2031,.F.);
#2460 = PLANE('',#2461);
#2461 = AXIS2_PLACEMENT_3D('',#2462,#2463,#2464);
#2462 = CARTESIAN_POINT('',(-0.14,-1.15,1.95));
#2463 = DIRECTION('',(1.,-1.110223024625E-16,0.));
#2464 = DIRECTION('',(1.110223024625E-16,1.,0.));
#2465 = ADVANCED_FACE('',(#2466),#2516,.F.);
#2466 = FACE_BOUND('',#2467,.F.);
#2467 = EDGE_LOOP('',(#2468,#2469,#2470,#2478,#2486,#2494,#2502,#2510));
#2468 = ORIENTED_EDGE('',*,*,#2055,.F.);
#2469 = ORIENTED_EDGE('',*,*,#2454,.T.);
#2470 = ORIENTED_EDGE('',*,*,#2471,.T.);
#2471 = EDGE_CURVE('',#2447,#2472,#2474,.T.);
#2472 = VERTEX_POINT('',#2473);
#2473 = CARTESIAN_POINT('',(-0.24,-0.85,0.45));
#2474 = LINE('',#2475,#2476);
#2475 = CARTESIAN_POINT('',(-0.14,-0.85,0.45));
#2476 = VECTOR('',#2477,1.);
#2477 = DIRECTION('',(-1.,1.110223024625E-16,0.));
#2478 = ORIENTED_EDGE('',*,*,#2479,.T.);
#2479 = EDGE_CURVE('',#2472,#2480,#2482,.T.);
#2480 = VERTEX_POINT('',#2481);
#2481 = CARTESIAN_POINT('',(-0.24,-0.85,1.5));
#2482 = LINE('',#2483,#2484);
#2483 = CARTESIAN_POINT('',(-0.24,-0.85,1.391969155072));
#2484 = VECTOR('',#2485,1.);
#2485 = DIRECTION('',(0.,-0.,1.));
#2486 = ORIENTED_EDGE('',*,*,#2487,.F.);
#2487 = EDGE_CURVE('',#2488,#2480,#2490,.T.);
#2488 = VERTEX_POINT('',#2489);
#2489 = CARTESIAN_POINT('',(-0.34,-0.85,1.5));
#2490 = LINE('',#2491,#2492);
#2491 = CARTESIAN_POINT('',(-0.34,-0.85,1.5));
#2492 = VECTOR('',#2493,1.);
#2493 = DIRECTION('',(1.,-1.110223024625E-16,0.));
#2494 = ORIENTED_EDGE('',*,*,#2495,.F.);
#2495 = EDGE_CURVE('',#2496,#2488,#2498,.T.);
#2496 = VERTEX_POINT('',#2497);
#2497 = CARTESIAN_POINT('',(-0.34,-0.85,0.45));
#2498 = LINE('',#2499,#2500);
#2499 = CARTESIAN_POINT('',(-0.34,-0.85,1.391969155072));
#2500 = VECTOR('',#2501,1.);
#2501 = DIRECTION('',(0.,-0.,1.));
#2502 = ORIENTED_EDGE('',*,*,#2503,.T.);
#2503 = EDGE_CURVE('',#2496,#2504,#2506,.T.);
#2504 = VERTEX_POINT('',#2505);
#2505 = CARTESIAN_POINT('',(-0.44,-0.85,0.45));
#2506 = LINE('',#2507,#2508);
#2507 = CARTESIAN_POINT('',(-0.14,-0.85,0.45));
#2508 = VECTOR('',#2509,1.);
#2509 = DIRECTION('',(-1.,1.110223024625E-16,0.));
#2510 = ORIENTED_EDGE('',*,*,#2511,.F.);
#2511 = EDGE_CURVE('',#2048,#2504,#2512,.T.);
#2512 = LINE('',#2513,#2514);
#2513 = CARTESIAN_POINT('',(-0.44,-0.85,1.95));
#2514 = VECTOR('',#2515,1.);
#2515 = DIRECTION('',(0.,-0.,-1.));
#2516 = PLANE('',#2517);
#2517 = AXIS2_PLACEMENT_3D('',#2518,#2519,#2520);
#2518 = CARTESIAN_POINT('',(-0.14,-0.85,1.95));
#2519 = DIRECTION('',(1.110223024625E-16,1.,0.));
#2520 = DIRECTION('',(-1.,1.110223024625E-16,0.));
#2521 = ADVANCED_FACE('',(#2522),#2540,.F.);
#2522 = FACE_BOUND('',#2523,.F.);
#2523 = EDGE_LOOP('',(#2524,#2525,#2533,#2539));
#2524 = ORIENTED_EDGE('',*,*,#2511,.T.);
#2525 = ORIENTED_EDGE('',*,*,#2526,.T.);
#2526 = EDGE_CURVE('',#2504,#2527,#2529,.T.);
#2527 = VERTEX_POINT('',#2528);
#2528 = CARTESIAN_POINT('',(-0.44,-1.15,0.45));
#2529 = LINE('',#2530,#2531);
#2530 = CARTESIAN_POINT('',(-0.44,-0.85,0.45));
#2531 = VECTOR('',#2532,1.);
#2532 = DIRECTION('',(-1.110223024625E-16,-1.,0.));
#2533 = ORIENTED_EDGE('',*,*,#2534,.F.);
#2534 = EDGE_CURVE('',#2072,#2527,#2535,.T.);
#2535 = LINE('',#2536,#2537);
#2536 = CARTESIAN_POINT('',(-0.44,-1.15,1.95));
#2537 = VECTOR('',#2538,1.);
#2538 = DIRECTION('',(0.,-0.,-1.));
#2539 = ORIENTED_EDGE('',*,*,#2079,.F.);
#2540 = PLANE('',#2541);
#2541 = AXIS2_PLACEMENT_3D('',#2542,#2543,#2544);
#2542 = CARTESIAN_POINT('',(-0.44,-0.85,1.95));
#2543 = DIRECTION('',(-1.,1.110223024625E-16,0.));
#2544 = DIRECTION('',(-1.110223024625E-16,-1.,0.));
#2545 = ADVANCED_FACE('',(#2546),#2589,.F.);
#2546 = FACE_BOUND('',#2547,.F.);
#2547 = EDGE_LOOP('',(#2548,#2549,#2550,#2558,#2566,#2574,#2582,#2588));
#2548 = ORIENTED_EDGE('',*,*,#2096,.F.);
#2549 = ORIENTED_EDGE('',*,*,#2534,.T.);
#2550 = ORIENTED_EDGE('',*,*,#2551,.T.);
#2551 = EDGE_CURVE('',#2527,#2552,#2554,.T.);
#2552 = VERTEX_POINT('',#2553);
#2553 = CARTESIAN_POINT('',(-0.34,-1.15,0.45));
#2554 = LINE('',#2555,#2556);
#2555 = CARTESIAN_POINT('',(-0.44,-1.15,0.45));
#2556 = VECTOR('',#2557,1.);
#2557 = DIRECTION('',(1.,-1.110223024625E-16,0.));
#2558 = ORIENTED_EDGE('',*,*,#2559,.F.);
#2559 = EDGE_CURVE('',#2560,#2552,#2562,.T.);
#2560 = VERTEX_POINT('',#2561);
#2561 = CARTESIAN_POINT('',(-0.34,-1.15,1.5));
#2562 = LINE('',#2563,#2564);
#2563 = CARTESIAN_POINT('',(-0.34,-1.15,1.391969155072));
#2564 = VECTOR('',#2565,1.);
#2565 = DIRECTION('',(-0.,0.,-1.));
#2566 = ORIENTED_EDGE('',*,*,#2567,.T.);
#2567 = EDGE_CURVE('',#2560,#2568,#2570,.T.);
#2568 = VERTEX_POINT('',#2569);
#2569 = CARTESIAN_POINT('',(-0.24,-1.15,1.5));
#2570 = LINE('',#2571,#2572);
#2571 = CARTESIAN_POINT('',(-0.34,-1.15,1.5));
#2572 = VECTOR('',#2573,1.);
#2573 = DIRECTION('',(1.,-1.110223024625E-16,0.));
#2574 = ORIENTED_EDGE('',*,*,#2575,.T.);
#2575 = EDGE_CURVE('',#2568,#2576,#2578,.T.);
#2576 = VERTEX_POINT('',#2577);
#2577 = CARTESIAN_POINT('',(-0.24,-1.15,0.45));
#2578 = LINE('',#2579,#2580);
#2579 = CARTESIAN_POINT('',(-0.24,-1.15,1.391969155072));
#2580 = VECTOR('',#2581,1.);
#2581 = DIRECTION('',(-0.,0.,-1.));
#2582 = ORIENTED_EDGE('',*,*,#2583,.T.);
#2583 = EDGE_CURVE('',#2576,#2439,#2584,.T.);
#2584 = LINE('',#2585,#2586);
#2585 = CARTESIAN_POINT('',(-0.44,-1.15,0.45));
#2586 = VECTOR('',#2587,1.);
#2587 = DIRECTION('',(1.,-1.110223024625E-16,0.));
#2588 = ORIENTED_EDGE('',*,*,#2438,.F.);
#2589 = PLANE('',#2590);
#2590 = AXIS2_PLACEMENT_3D('',#2591,#2592,#2593);
#2591 = CARTESIAN_POINT('',(-0.44,-1.15,1.95));
#2592 = DIRECTION('',(-1.110223024625E-16,-1.,0.));
#2593 = DIRECTION('',(1.,-1.110223024625E-16,0.));
#2594 = ADVANCED_FACE('',(#2595),#2620,.F.);
#2595 = FACE_BOUND('',#2596,.F.);
#2596 = EDGE_LOOP('',(#2597,#2605,#2613,#2619));
#2597 = ORIENTED_EDGE('',*,*,#2598,.T.);
#2598 = EDGE_CURVE('',#2111,#2599,#2601,.T.);
#2599 = VERTEX_POINT('',#2600);
#2600 = CARTESIAN_POINT('',(-0.14,-0.15,0.45));
#2601 = LINE('',#2602,#2603);
#2602 = CARTESIAN_POINT('',(-0.14,-0.15,1.95));
#2603 = VECTOR('',#2604,1.);
#2604 = DIRECTION('',(0.,-0.,-1.));
#2605 = ORIENTED_EDGE('',*,*,#2606,.T.);
#2606 = EDGE_CURVE('',#2599,#2607,#2609,.T.);
#2607 = VERTEX_POINT('',#2608);
#2608 = CARTESIAN_POINT('',(-0.14,0.15,0.45));
#2609 = LINE('',#2610,#2611);
#2610 = CARTESIAN_POINT('',(-0.14,-0.15,0.45));
#2611 = VECTOR('',#2612,1.);
#2612 = DIRECTION('',(1.110223024625E-16,1.,0.));
#2613 = ORIENTED_EDGE('',*,*,#2614,.F.);
#2614 = EDGE_CURVE('',#2120,#2607,#2615,.T.);
#2615 = LINE('',#2616,#2617);
#2616 = CARTESIAN_POINT('',(-0.14,0.15,1.95));
#2617 = VECTOR('',#2618,1.);
#2618 = DIRECTION('',(0.,-0.,-1.));
#2619 = ORIENTED_EDGE('',*,*,#2127,.F.);
#2620 = PLANE('',#2621);
#2621 = AXIS2_PLACEMENT_3D('',#2622,#2623,#2624);
#2622 = CARTESIAN_POINT('',(-0.14,-0.15,1.95));
#2623 = DIRECTION('',(1.,-1.110223024625E-16,0.));
#2624 = DIRECTION('',(1.110223024625E-16,1.,0.));
#2625 = ADVANCED_FACE('',(#2626),#2676,.F.);
#2626 = FACE_BOUND('',#2627,.F.);
#2627 = EDGE_LOOP('',(#2628,#2629,#2630,#2638,#2646,#2654,#2662,#2670));
#2628 = ORIENTED_EDGE('',*,*,#2151,.F.);
#2629 = ORIENTED_EDGE('',*,*,#2614,.T.);
#2630 = ORIENTED_EDGE('',*,*,#2631,.T.);
#2631 = EDGE_CURVE('',#2607,#2632,#2634,.T.);
#2632 = VERTEX_POINT('',#2633);
#2633 = CARTESIAN_POINT('',(-0.24,0.15,0.45));
#2634 = LINE('',#2635,#2636);
#2635 = CARTESIAN_POINT('',(-0.14,0.15,0.45));
#2636 = VECTOR('',#2637,1.);
#2637 = DIRECTION('',(-1.,1.110223024625E-16,0.));
#2638 = ORIENTED_EDGE('',*,*,#2639,.T.);
#2639 = EDGE_CURVE('',#2632,#2640,#2642,.T.);
#2640 = VERTEX_POINT('',#2641);
#2641 = CARTESIAN_POINT('',(-0.24,0.15,1.5));
#2642 = LINE('',#2643,#2644);
#2643 = CARTESIAN_POINT('',(-0.24,0.15,1.391969155072));
#2644 = VECTOR('',#2645,1.);
#2645 = DIRECTION('',(0.,-0.,1.));
#2646 = ORIENTED_EDGE('',*,*,#2647,.F.);
#2647 = EDGE_CURVE('',#2648,#2640,#2650,.T.);
#2648 = VERTEX_POINT('',#2649);
#2649 = CARTESIAN_POINT('',(-0.34,0.15,1.5));
#2650 = LINE('',#2651,#2652);
#2651 = CARTESIAN_POINT('',(-0.34,0.15,1.5));
#2652 = VECTOR('',#2653,1.);
#2653 = DIRECTION('',(1.,-1.110223024625E-16,0.));
#2654 = ORIENTED_EDGE('',*,*,#2655,.F.);
#2655 = EDGE_CURVE('',#2656,#2648,#2658,.T.);
#2656 = VERTEX_POINT('',#2657);
#2657 = CARTESIAN_POINT('',(-0.34,0.15,0.45));
#2658 = LINE('',#2659,#2660);
#2659 = CARTESIAN_POINT('',(-0.34,0.15,1.391969155072));
#2660 = VECTOR('',#2661,1.);
#2661 = DIRECTION('',(0.,-0.,1.));
#2662 = ORIENTED_EDGE('',*,*,#2663,.T.);
#2663 = EDGE_CURVE('',#2656,#2664,#2666,.T.);
#2664 = VERTEX_POINT('',#2665);
#2665 = CARTESIAN_POINT('',(-0.44,0.15,0.45));
#2666 = LINE('',#2667,#2668);
#2667 = CARTESIAN_POINT('',(-0.14,0.15,0.45));
#2668 = VECTOR('',#2669,1.);
#2669 = DIRECTION('',(-1.,1.110223024625E-16,0.));
#2670 = ORIENTED_EDGE('',*,*,#2671,.F.);
#2671 = EDGE_CURVE('',#2144,#2664,#2672,.T.);
#2672 = LINE('',#2673,#2674);
#2673 = CARTESIAN_POINT('',(-0.44,0.15,1.95));
#2674 = VECTOR('',#2675,1.);
#2675 = DIRECTION('',(0.,-0.,-1.));
#2676 = PLANE('',#2677);
#2677 = AXIS2_PLACEMENT_3D('',#2678,#2679,#2680);
#2678 = CARTESIAN_POINT('',(-0.14,0.15,1.95));
#2679 = DIRECTION('',(1.110223024625E-16,1.,0.));
#2680 = DIRECTION('',(-1.,1.110223024625E-16,0.));
#2681 = ADVANCED_FACE('',(#2682),#2700,.F.);
#2682 = FACE_BOUND('',#2683,.F.);
#2683 = EDGE_LOOP('',(#2684,#2685,#2693,#2699));
#2684 = ORIENTED_EDGE('',*,*,#2671,.T.);
#2685 = ORIENTED_EDGE('',*,*,#2686,.T.);
#2686 = EDGE_CURVE('',#2664,#2687,#2689,.T.);
#2687 = VERTEX_POINT('',#2688);
#2688 = CARTESIAN_POINT('',(-0.44,-0.15,0.45));
#2689 = LINE('',#2690,#2691);
#2690 = CARTESIAN_POINT('',(-0.44,0.15,0.45));
#2691 = VECTOR('',#2692,1.);
#2692 = DIRECTION('',(-1.110223024625E-16,-1.,0.));
#2693 = ORIENTED_EDGE('',*,*,#2694,.F.);
#2694 = EDGE_CURVE('',#2168,#2687,#2695,.T.);
#2695 = LINE('',#2696,#2697);
#2696 = CARTESIAN_POINT('',(-0.44,-0.15,1.95));
#2697 = VECTOR('',#2698,1.);
#2698 = DIRECTION('',(0.,-0.,-1.));
#2699 = ORIENTED_EDGE('',*,*,#2175,.F.);
#2700 = PLANE('',#2701);
#2701 = AXIS2_PLACEMENT_3D('',#2702,#2703,#2704);
#2702 = CARTESIAN_POINT('',(-0.44,0.15,1.95));
#2703 = DIRECTION('',(-1.,1.110223024625E-16,0.));
#2704 = DIRECTION('',(-1.110223024625E-16,-1.,0.));
#2705 = ADVANCED_FACE('',(#2706),#2749,.F.);
#2706 = FACE_BOUND('',#2707,.F.);
#2707 = EDGE_LOOP('',(#2708,#2709,#2710,#2718,#2726,#2734,#2742,#2748));
#2708 = ORIENTED_EDGE('',*,*,#2192,.F.);
#2709 = ORIENTED_EDGE('',*,*,#2694,.T.);
#2710 = ORIENTED_EDGE('',*,*,#2711,.T.);
#2711 = EDGE_CURVE('',#2687,#2712,#2714,.T.);
#2712 = VERTEX_POINT('',#2713);
#2713 = CARTESIAN_POINT('',(-0.34,-0.15,0.45));
#2714 = LINE('',#2715,#2716);
#2715 = CARTESIAN_POINT('',(-0.44,-0.15,0.45));
#2716 = VECTOR('',#2717,1.);
#2717 = DIRECTION('',(1.,-1.110223024625E-16,0.));
#2718 = ORIENTED_EDGE('',*,*,#2719,.F.);
#2719 = EDGE_CURVE('',#2720,#2712,#2722,.T.);
#2720 = VERTEX_POINT('',#2721);
#2721 = CARTESIAN_POINT('',(-0.34,-0.15,1.5));
#2722 = LINE('',#2723,#2724);
#2723 = CARTESIAN_POINT('',(-0.34,-0.15,1.391969155072));
#2724 = VECTOR('',#2725,1.);
#2725 = DIRECTION('',(-0.,0.,-1.));
#2726 = ORIENTED_EDGE('',*,*,#2727,.T.);
#2727 = EDGE_CURVE('',#2720,#2728,#2730,.T.);
#2728 = VERTEX_POINT('',#2729);
#2729 = CARTESIAN_POINT('',(-0.24,-0.15,1.5));
#2730 = LINE('',#2731,#2732);
#2731 = CARTESIAN_POINT('',(-0.34,-0.15,1.5));
#2732 = VECTOR('',#2733,1.);
#2733 = DIRECTION('',(1.,-1.110223024625E-16,0.));
#2734 = ORIENTED_EDGE('',*,*,#2735,.T.);
#2735 = EDGE_CURVE('',#2728,#2736,#2738,.T.);
#2736 = VERTEX_POINT('',#2737);
#2737 = CARTESIAN_POINT('',(-0.24,-0.15,0.45));
#2738 = LINE('',#2739,#2740);
#2739 = CARTESIAN_POINT('',(-0.24,-0.15,1.391969155072));
#2740 = VECTOR('',#2741,1.);
#2741 = DIRECTION('',(-0.,0.,-1.));
#2742 = ORIENTED_EDGE('',*,*,#2743,.T.);
#2743 = EDGE_CURVE('',#2736,#2599,#2744,.T.);
#2744 = LINE('',#2745,#2746);
#2745 = CARTESIAN_POINT('',(-0.44,-0.15,0.45));
#2746 = VECTOR('',#2747,1.);
#2747 = DIRECTION('',(1.,-1.110223024625E-16,0.));
#2748 = ORIENTED_EDGE('',*,*,#2598,.F.);
#2749 = PLANE('',#2750);
#2750 = AXIS2_PLACEMENT_3D('',#2751,#2752,#2753);
#2751 = CARTESIAN_POINT('',(-0.44,-0.15,1.95));
#2752 = DIRECTION('',(-1.110223024625E-16,-1.,0.));
#2753 = DIRECTION('',(1.,-1.110223024625E-16,0.));
#2754 = ADVANCED_FACE('',(#2755),#2782,.T.);
#2755 = FACE_BOUND('',#2756,.T.);
#2756 = EDGE_LOOP('',(#2757,#2758,#2759,#2767,#2775,#2781));
#2757 = ORIENTED_EDGE('',*,*,#2211,.F.);
#2758 = ORIENTED_EDGE('',*,*,#2306,.T.);
#2759 = ORIENTED_EDGE('',*,*,#2760,.T.);
#2760 = EDGE_CURVE('',#2299,#2761,#2763,.T.);
#2761 = VERTEX_POINT('',#2762);
#2762 = CARTESIAN_POINT('',(-5.E-02,-0.925,-1.9));
#2763 = LINE('',#2764,#2765);
#2764 = CARTESIAN_POINT('',(-5.E-02,-0.85,-1.6));
#2765 = VECTOR('',#2766,1.);
#2766 = DIRECTION('',(-2.692686352073E-17,-0.242535625036,
    -0.970142500145));
#2767 = ORIENTED_EDGE('',*,*,#2768,.F.);
#2768 = EDGE_CURVE('',#2769,#2761,#2771,.T.);
#2769 = VERTEX_POINT('',#2770);
#2770 = CARTESIAN_POINT('',(-5.E-02,-1.075,-1.9));
#2771 = LINE('',#2772,#2773);
#2772 = CARTESIAN_POINT('',(-5.E-02,-1.075,-1.9));
#2773 = VECTOR('',#2774,1.);
#2774 = DIRECTION('',(1.110223024625E-16,1.,0.));
#2775 = ORIENTED_EDGE('',*,*,#2776,.T.);
#2776 = EDGE_CURVE('',#2769,#2228,#2777,.T.);
#2777 = LINE('',#2778,#2779);
#2778 = CARTESIAN_POINT('',(-5.E-02,-1.075,-1.9));
#2779 = VECTOR('',#2780,1.);
#2780 = DIRECTION('',(-2.692686352073E-17,-0.242535625036,0.970142500145
    ));
#2781 = ORIENTED_EDGE('',*,*,#2227,.T.);
#2782 = PLANE('',#2783);
#2783 = AXIS2_PLACEMENT_3D('',#2784,#2785,#2786);
#2784 = CARTESIAN_POINT('',(-5.E-02,-1.,-0.869944039537));
#2785 = DIRECTION('',(-1.,1.110223024625E-16,0.));
#2786 = DIRECTION('',(0.,0.,1.));
#2787 = ADVANCED_FACE('',(#2788),#2799,.T.);
#2788 = FACE_BOUND('',#2789,.T.);
#2789 = EDGE_LOOP('',(#2790,#2796,#2797,#2798));
#2790 = ORIENTED_EDGE('',*,*,#2791,.T.);
#2791 = EDGE_CURVE('',#2769,#2275,#2792,.T.);
#2792 = LINE('',#2793,#2794);
#2793 = CARTESIAN_POINT('',(-5.E-02,-1.075,-1.9));
#2794 = VECTOR('',#2795,1.);
#2795 = DIRECTION('',(1.,-1.110223024625E-16,0.));
#2796 = ORIENTED_EDGE('',*,*,#2282,.T.);
#2797 = ORIENTED_EDGE('',*,*,#2235,.F.);
#2798 = ORIENTED_EDGE('',*,*,#2776,.F.);
#2799 = PLANE('',#2800);
#2800 = AXIS2_PLACEMENT_3D('',#2801,#2802,#2803);
#2801 = CARTESIAN_POINT('',(-5.E-02,-1.075,-1.9));
#2802 = DIRECTION('',(-1.077074540829E-16,-0.970142500145,
    -0.242535625036));
#2803 = DIRECTION('',(-2.692686352073E-17,-0.242535625036,0.970142500145
    ));
#2804 = ADVANCED_FACE('',(#2805),#2816,.T.);
#2805 = FACE_BOUND('',#2806,.T.);
#2806 = EDGE_LOOP('',(#2807,#2813,#2814,#2815));
#2807 = ORIENTED_EDGE('',*,*,#2808,.T.);
#2808 = EDGE_CURVE('',#2761,#2267,#2809,.T.);
#2809 = LINE('',#2810,#2811);
#2810 = CARTESIAN_POINT('',(-5.E-02,-0.925,-1.9));
#2811 = VECTOR('',#2812,1.);
#2812 = DIRECTION('',(1.,-1.110223024625E-16,0.));
#2813 = ORIENTED_EDGE('',*,*,#2274,.T.);
#2814 = ORIENTED_EDGE('',*,*,#2791,.F.);
#2815 = ORIENTED_EDGE('',*,*,#2768,.T.);
#2816 = PLANE('',#2817);
#2817 = AXIS2_PLACEMENT_3D('',#2818,#2819,#2820);
#2818 = CARTESIAN_POINT('',(-5.E-02,-0.925,-1.9));
#2819 = DIRECTION('',(0.,-0.,-1.));
#2820 = DIRECTION('',(-1.110223024625E-16,-1.,0.));
#2821 = ADVANCED_FACE('',(#2822),#2828,.T.);
#2822 = FACE_BOUND('',#2823,.T.);
#2823 = EDGE_LOOP('',(#2824,#2825,#2826,#2827));
#2824 = ORIENTED_EDGE('',*,*,#2298,.T.);
#2825 = ORIENTED_EDGE('',*,*,#2266,.T.);
#2826 = ORIENTED_EDGE('',*,*,#2808,.F.);
#2827 = ORIENTED_EDGE('',*,*,#2760,.F.);
#2828 = PLANE('',#2829);
#2829 = AXIS2_PLACEMENT_3D('',#2830,#2831,#2832);
#2830 = CARTESIAN_POINT('',(-5.E-02,-0.85,-1.6));
#2831 = DIRECTION('',(1.077074540829E-16,0.970142500145,-0.242535625036)
  );
#2832 = DIRECTION('',(-2.692686352073E-17,-0.242535625036,
    -0.970142500145));
#2833 = ADVANCED_FACE('',(#2834),#2861,.T.);
#2834 = FACE_BOUND('',#2835,.T.);
#2835 = EDGE_LOOP('',(#2836,#2837,#2838,#2846,#2854,#2860));
#2836 = ORIENTED_EDGE('',*,*,#2327,.F.);
#2837 = ORIENTED_EDGE('',*,*,#2422,.T.);
#2838 = ORIENTED_EDGE('',*,*,#2839,.T.);
#2839 = EDGE_CURVE('',#2415,#2840,#2842,.T.);
#2840 = VERTEX_POINT('',#2841);
#2841 = CARTESIAN_POINT('',(-5.E-02,7.5E-02,-1.9));
#2842 = LINE('',#2843,#2844);
#2843 = CARTESIAN_POINT('',(-5.E-02,0.15,-1.6));
#2844 = VECTOR('',#2845,1.);
#2845 = DIRECTION('',(-2.692686352073E-17,-0.242535625036,
    -0.970142500145));
#2846 = ORIENTED_EDGE('',*,*,#2847,.F.);
#2847 = EDGE_CURVE('',#2848,#2840,#2850,.T.);
#2848 = VERTEX_POINT('',#2849);
#2849 = CARTESIAN_POINT('',(-5.E-02,-7.5E-02,-1.9));
#2850 = LINE('',#2851,#2852);
#2851 = CARTESIAN_POINT('',(-5.E-02,-7.5E-02,-1.9));
#2852 = VECTOR('',#2853,1.);
#2853 = DIRECTION('',(1.110223024625E-16,1.,0.));
#2854 = ORIENTED_EDGE('',*,*,#2855,.T.);
#2855 = EDGE_CURVE('',#2848,#2344,#2856,.T.);
#2856 = LINE('',#2857,#2858);
#2857 = CARTESIAN_POINT('',(-5.E-02,-7.5E-02,-1.9));
#2858 = VECTOR('',#2859,1.);
#2859 = DIRECTION('',(-2.692686352073E-17,-0.242535625036,0.970142500145
    ));
#2860 = ORIENTED_EDGE('',*,*,#2343,.T.);
#2861 = PLANE('',#2862);
#2862 = AXIS2_PLACEMENT_3D('',#2863,#2864,#2865);
#2863 = CARTESIAN_POINT('',(-5.E-02,5.551115123126E-18,-0.869944039537)
  );
#2864 = DIRECTION('',(-1.,1.110223024625E-16,0.));
#2865 = DIRECTION('',(0.,0.,1.));
#2866 = ADVANCED_FACE('',(#2867),#2878,.T.);
#2867 = FACE_BOUND('',#2868,.T.);
#2868 = EDGE_LOOP('',(#2869,#2875,#2876,#2877));
#2869 = ORIENTED_EDGE('',*,*,#2870,.T.);
#2870 = EDGE_CURVE('',#2848,#2391,#2871,.T.);
#2871 = LINE('',#2872,#2873);
#2872 = CARTESIAN_POINT('',(-5.E-02,-7.5E-02,-1.9));
#2873 = VECTOR('',#2874,1.);
#2874 = DIRECTION('',(1.,-1.110223024625E-16,0.));
#2875 = ORIENTED_EDGE('',*,*,#2398,.T.);
#2876 = ORIENTED_EDGE('',*,*,#2351,.F.);
#2877 = ORIENTED_EDGE('',*,*,#2855,.F.);
#2878 = PLANE('',#2879);
#2879 = AXIS2_PLACEMENT_3D('',#2880,#2881,#2882);
#2880 = CARTESIAN_POINT('',(-5.E-02,-7.5E-02,-1.9));
#2881 = DIRECTION('',(-1.077074540829E-16,-0.970142500145,
    -0.242535625036));
#2882 = DIRECTION('',(-2.692686352073E-17,-0.242535625036,0.970142500145
    ));
#2883 = ADVANCED_FACE('',(#2884),#2895,.T.);
#2884 = FACE_BOUND('',#2885,.T.);
#2885 = EDGE_LOOP('',(#2886,#2892,#2893,#2894));
#2886 = ORIENTED_EDGE('',*,*,#2887,.T.);
#2887 = EDGE_CURVE('',#2840,#2383,#2888,.T.);
#2888 = LINE('',#2889,#2890);
#2889 = CARTESIAN_POINT('',(-5.E-02,7.5E-02,-1.9));
#2890 = VECTOR('',#2891,1.);
#2891 = DIRECTION('',(1.,-1.110223024625E-16,0.));
#2892 = ORIENTED_EDGE('',*,*,#2390,.T.);
#2893 = ORIENTED_EDGE('',*,*,#2870,.F.);
#2894 = ORIENTED_EDGE('',*,*,#2847,.T.);
#2895 = PLANE('',#2896);
#2896 = AXIS2_PLACEMENT_3D('',#2897,#2898,#2899);
#2897 = CARTESIAN_POINT('',(-5.E-02,7.5E-02,-1.9));
#2898 = DIRECTION('',(0.,-0.,-1.));
#2899 = DIRECTION('',(-1.110223024625E-16,-1.,0.));
#2900 = ADVANCED_FACE('',(#2901),#2907,.T.);
#2901 = FACE_BOUND('',#2902,.T.);
#2902 = EDGE_LOOP('',(#2903,#2904,#2905,#2906));
#2903 = ORIENTED_EDGE('',*,*,#2414,.T.);
#2904 = ORIENTED_EDGE('',*,*,#2382,.T.);
#2905 = ORIENTED_EDGE('',*,*,#2887,.F.);
#2906 = ORIENTED_EDGE('',*,*,#2839,.F.);
#2907 = PLANE('',#2908);
#2908 = AXIS2_PLACEMENT_3D('',#2909,#2910,#2911);
#2909 = CARTESIAN_POINT('',(-5.E-02,0.15,-1.6));
#2910 = DIRECTION('',(1.077074540829E-16,0.970142500145,-0.242535625036)
  );
#2911 = DIRECTION('',(-2.692686352073E-17,-0.242535625036,
    -0.970142500145));
#2912 = ADVANCED_FACE('',(#2913),#2924,.T.);
#2913 = FACE_BOUND('',#2914,.T.);
#2914 = EDGE_LOOP('',(#2915,#2916,#2917,#2918));
#2915 = ORIENTED_EDGE('',*,*,#2583,.T.);
#2916 = ORIENTED_EDGE('',*,*,#2446,.T.);
#2917 = ORIENTED_EDGE('',*,*,#2471,.T.);
#2918 = ORIENTED_EDGE('',*,*,#2919,.T.);
#2919 = EDGE_CURVE('',#2472,#2576,#2920,.T.);
#2920 = LINE('',#2921,#2922);
#2921 = CARTESIAN_POINT('',(-0.24,-1.,0.45));
#2922 = VECTOR('',#2923,1.);
#2923 = DIRECTION('',(-1.110223024625E-16,-1.,0.));
#2924 = PLANE('',#2925);
#2925 = AXIS2_PLACEMENT_3D('',#2926,#2927,#2928);
#2926 = CARTESIAN_POINT('',(-0.29,-1.,0.45));
#2927 = DIRECTION('',(0.,0.,1.));
#2928 = DIRECTION('',(1.110223024625E-16,1.,-0.));
#2929 = ADVANCED_FACE('',(#2930),#2941,.T.);
#2930 = FACE_BOUND('',#2931,.T.);
#2931 = EDGE_LOOP('',(#2932,#2933,#2939,#2940));
#2932 = ORIENTED_EDGE('',*,*,#2551,.T.);
#2933 = ORIENTED_EDGE('',*,*,#2934,.F.);
#2934 = EDGE_CURVE('',#2496,#2552,#2935,.T.);
#2935 = LINE('',#2936,#2937);
#2936 = CARTESIAN_POINT('',(-0.34,-1.,0.45));
#2937 = VECTOR('',#2938,1.);
#2938 = DIRECTION('',(-1.110223024625E-16,-1.,0.));
#2939 = ORIENTED_EDGE('',*,*,#2503,.T.);
#2940 = ORIENTED_EDGE('',*,*,#2526,.T.);
#2941 = PLANE('',#2942);
#2942 = AXIS2_PLACEMENT_3D('',#2943,#2944,#2945);
#2943 = CARTESIAN_POINT('',(-0.29,-1.,0.45));
#2944 = DIRECTION('',(0.,0.,1.));
#2945 = DIRECTION('',(1.110223024625E-16,1.,-0.));
#2946 = ADVANCED_FACE('',(#2947),#2990,.T.);
#2947 = FACE_BOUND('',#2948,.T.);
#2948 = EDGE_LOOP('',(#2949,#2950,#2958,#2966,#2974,#2982,#2988,#2989));
#2949 = ORIENTED_EDGE('',*,*,#2559,.F.);
#2950 = ORIENTED_EDGE('',*,*,#2951,.T.);
#2951 = EDGE_CURVE('',#2560,#2952,#2954,.T.);
#2952 = VERTEX_POINT('',#2953);
#2953 = CARTESIAN_POINT('',(-0.34,-1.125,1.475));
#2954 = LINE('',#2955,#2956);
#2955 = CARTESIAN_POINT('',(-0.34,-1.15,1.5));
#2956 = VECTOR('',#2957,1.);
#2957 = DIRECTION('',(7.850462293414E-17,0.707106781187,-0.707106781187)
  );
#2958 = ORIENTED_EDGE('',*,*,#2959,.T.);
#2959 = EDGE_CURVE('',#2952,#2960,#2962,.T.);
#2960 = VERTEX_POINT('',#2961);
#2961 = CARTESIAN_POINT('',(-0.34,-1.125,0.575));
#2962 = LINE('',#2963,#2964);
#2963 = CARTESIAN_POINT('',(-0.34,-1.125,1.475));
#2964 = VECTOR('',#2965,1.);
#2965 = DIRECTION('',(0.,0.,-1.));
#2966 = ORIENTED_EDGE('',*,*,#2967,.T.);
#2967 = EDGE_CURVE('',#2960,#2968,#2970,.T.);
#2968 = VERTEX_POINT('',#2969);
#2969 = CARTESIAN_POINT('',(-0.34,-0.875,0.575));
#2970 = LINE('',#2971,#2972);
#2971 = CARTESIAN_POINT('',(-0.34,-1.125,0.575));
#2972 = VECTOR('',#2973,1.);
#2973 = DIRECTION('',(1.110223024625E-16,1.,0.));
#2974 = ORIENTED_EDGE('',*,*,#2975,.T.);
#2975 = EDGE_CURVE('',#2968,#2976,#2978,.T.);
#2976 = VERTEX_POINT('',#2977);
#2977 = CARTESIAN_POINT('',(-0.34,-0.875,1.475));
#2978 = LINE('',#2979,#2980);
#2979 = CARTESIAN_POINT('',(-0.34,-0.875,0.575));
#2980 = VECTOR('',#2981,1.);
#2981 = DIRECTION('',(0.,0.,1.));
#2982 = ORIENTED_EDGE('',*,*,#2983,.T.);
#2983 = EDGE_CURVE('',#2976,#2488,#2984,.T.);
#2984 = LINE('',#2985,#2986);
#2985 = CARTESIAN_POINT('',(-0.34,-0.875,1.475));
#2986 = VECTOR('',#2987,1.);
#2987 = DIRECTION('',(7.850462293414E-17,0.707106781187,0.707106781187)
  );
#2988 = ORIENTED_EDGE('',*,*,#2495,.F.);
#2989 = ORIENTED_EDGE('',*,*,#2934,.T.);
#2990 = PLANE('',#2991);
#2991 = AXIS2_PLACEMENT_3D('',#2992,#2993,#2994);
#2992 = CARTESIAN_POINT('',(-0.34,-1.,0.833938310144));
#2993 = DIRECTION('',(-1.,1.110223024625E-16,0.));
#2994 = DIRECTION('',(0.,0.,1.));
#2995 = ADVANCED_FACE('',(#2996),#3014,.T.);
#2996 = FACE_BOUND('',#2997,.T.);
#2997 = EDGE_LOOP('',(#2998,#3006,#3012,#3013));
#2998 = ORIENTED_EDGE('',*,*,#2999,.T.);
#2999 = EDGE_CURVE('',#2976,#3000,#3002,.T.);
#3000 = VERTEX_POINT('',#3001);
#3001 = CARTESIAN_POINT('',(-0.24,-0.875,1.475));
#3002 = LINE('',#3003,#3004);
#3003 = CARTESIAN_POINT('',(-0.34,-0.875,1.475));
#3004 = VECTOR('',#3005,1.);
#3005 = DIRECTION('',(1.,-1.110223024625E-16,0.));
#3006 = ORIENTED_EDGE('',*,*,#3007,.T.);
#3007 = EDGE_CURVE('',#3000,#2480,#3008,.T.);
#3008 = LINE('',#3009,#3010);
#3009 = CARTESIAN_POINT('',(-0.24,-0.875,1.475));
#3010 = VECTOR('',#3011,1.);
#3011 = DIRECTION('',(7.850462293414E-17,0.707106781187,0.707106781187)
  );
#3012 = ORIENTED_EDGE('',*,*,#2487,.F.);
#3013 = ORIENTED_EDGE('',*,*,#2983,.F.);
#3014 = PLANE('',#3015);
#3015 = AXIS2_PLACEMENT_3D('',#3016,#3017,#3018);
#3016 = CARTESIAN_POINT('',(-0.34,-0.875,1.475));
#3017 = DIRECTION('',(-7.850462293414E-17,-0.707106781187,0.707106781187
    ));
#3018 = DIRECTION('',(7.850462293414E-17,0.707106781187,0.707106781187)
  );
#3019 = ADVANCED_FACE('',(#3020),#3056,.F.);
#3020 = FACE_BOUND('',#3021,.F.);
#3021 = EDGE_LOOP('',(#3022,#3023,#3031,#3039,#3047,#3053,#3054,#3055));
#3022 = ORIENTED_EDGE('',*,*,#2575,.F.);
#3023 = ORIENTED_EDGE('',*,*,#3024,.T.);
#3024 = EDGE_CURVE('',#2568,#3025,#3027,.T.);
#3025 = VERTEX_POINT('',#3026);
#3026 = CARTESIAN_POINT('',(-0.24,-1.125,1.475));
#3027 = LINE('',#3028,#3029);
#3028 = CARTESIAN_POINT('',(-0.24,-1.15,1.5));
#3029 = VECTOR('',#3030,1.);
#3030 = DIRECTION('',(7.850462293414E-17,0.707106781187,-0.707106781187)
  );
#3031 = ORIENTED_EDGE('',*,*,#3032,.T.);
#3032 = EDGE_CURVE('',#3025,#3033,#3035,.T.);
#3033 = VERTEX_POINT('',#3034);
#3034 = CARTESIAN_POINT('',(-0.24,-1.125,0.575));
#3035 = LINE('',#3036,#3037);
#3036 = CARTESIAN_POINT('',(-0.24,-1.125,1.475));
#3037 = VECTOR('',#3038,1.);
#3038 = DIRECTION('',(0.,0.,-1.));
#3039 = ORIENTED_EDGE('',*,*,#3040,.T.);
#3040 = EDGE_CURVE('',#3033,#3041,#3043,.T.);
#3041 = VERTEX_POINT('',#3042);
#3042 = CARTESIAN_POINT('',(-0.24,-0.875,0.575));
#3043 = LINE('',#3044,#3045);
#3044 = CARTESIAN_POINT('',(-0.24,-1.125,0.575));
#3045 = VECTOR('',#3046,1.);
#3046 = DIRECTION('',(1.110223024625E-16,1.,0.));
#3047 = ORIENTED_EDGE('',*,*,#3048,.T.);
#3048 = EDGE_CURVE('',#3041,#3000,#3049,.T.);
#3049 = LINE('',#3050,#3051);
#3050 = CARTESIAN_POINT('',(-0.24,-0.875,0.575));
#3051 = VECTOR('',#3052,1.);
#3052 = DIRECTION('',(0.,0.,1.));
#3053 = ORIENTED_EDGE('',*,*,#3007,.T.);
#3054 = ORIENTED_EDGE('',*,*,#2479,.F.);
#3055 = ORIENTED_EDGE('',*,*,#2919,.T.);
#3056 = PLANE('',#3057);
#3057 = AXIS2_PLACEMENT_3D('',#3058,#3059,#3060);
#3058 = CARTESIAN_POINT('',(-0.24,-1.,0.833938310144));
#3059 = DIRECTION('',(-1.,1.110223024625E-16,0.));
#3060 = DIRECTION('',(0.,0.,1.));
#3061 = ADVANCED_FACE('',(#3062),#3073,.T.);
#3062 = FACE_BOUND('',#3063,.T.);
#3063 = EDGE_LOOP('',(#3064,#3065,#3066,#3072));
#3064 = ORIENTED_EDGE('',*,*,#2567,.T.);
#3065 = ORIENTED_EDGE('',*,*,#3024,.T.);
#3066 = ORIENTED_EDGE('',*,*,#3067,.F.);
#3067 = EDGE_CURVE('',#2952,#3025,#3068,.T.);
#3068 = LINE('',#3069,#3070);
#3069 = CARTESIAN_POINT('',(-0.34,-1.125,1.475));
#3070 = VECTOR('',#3071,1.);
#3071 = DIRECTION('',(1.,-1.110223024625E-16,0.));
#3072 = ORIENTED_EDGE('',*,*,#2951,.F.);
#3073 = PLANE('',#3074);
#3074 = AXIS2_PLACEMENT_3D('',#3075,#3076,#3077);
#3075 = CARTESIAN_POINT('',(-0.34,-1.15,1.5));
#3076 = DIRECTION('',(7.850462293414E-17,0.707106781187,0.707106781187)
  );
#3077 = DIRECTION('',(7.850462293414E-17,0.707106781187,-0.707106781187)
  );
#3078 = ADVANCED_FACE('',(#3079),#3090,.T.);
#3079 = FACE_BOUND('',#3080,.T.);
#3080 = EDGE_LOOP('',(#3081,#3082,#3083,#3084));
#3081 = ORIENTED_EDGE('',*,*,#2743,.T.);
#3082 = ORIENTED_EDGE('',*,*,#2606,.T.);
#3083 = ORIENTED_EDGE('',*,*,#2631,.T.);
#3084 = ORIENTED_EDGE('',*,*,#3085,.T.);
#3085 = EDGE_CURVE('',#2632,#2736,#3086,.T.);
#3086 = LINE('',#3087,#3088);
#3087 = CARTESIAN_POINT('',(-0.24,8.215650382226E-17,0.45));
#3088 = VECTOR('',#3089,1.);
#3089 = DIRECTION('',(-1.110223024625E-16,-1.,0.));
#3090 = PLANE('',#3091);
#3091 = AXIS2_PLACEMENT_3D('',#3092,#3093,#3094);
#3092 = CARTESIAN_POINT('',(-0.29,1.432187701766E-16,0.45));
#3093 = DIRECTION('',(0.,0.,1.));
#3094 = DIRECTION('',(1.110223024625E-16,1.,-0.));
#3095 = ADVANCED_FACE('',(#3096),#3107,.T.);
#3096 = FACE_BOUND('',#3097,.T.);
#3097 = EDGE_LOOP('',(#3098,#3099,#3105,#3106));
#3098 = ORIENTED_EDGE('',*,*,#2711,.T.);
#3099 = ORIENTED_EDGE('',*,*,#3100,.F.);
#3100 = EDGE_CURVE('',#2656,#2712,#3101,.T.);
#3101 = LINE('',#3102,#3103);
#3102 = CARTESIAN_POINT('',(-0.34,9.325873406851E-17,0.45));
#3103 = VECTOR('',#3104,1.);
#3104 = DIRECTION('',(-1.110223024625E-16,-1.,0.));
#3105 = ORIENTED_EDGE('',*,*,#2663,.T.);
#3106 = ORIENTED_EDGE('',*,*,#2686,.T.);
#3107 = PLANE('',#3108);
#3108 = AXIS2_PLACEMENT_3D('',#3109,#3110,#3111);
#3109 = CARTESIAN_POINT('',(-0.29,1.432187701766E-16,0.45));
#3110 = DIRECTION('',(0.,0.,1.));
#3111 = DIRECTION('',(1.110223024625E-16,1.,-0.));
#3112 = ADVANCED_FACE('',(#3113),#3156,.T.);
#3113 = FACE_BOUND('',#3114,.T.);
#3114 = EDGE_LOOP('',(#3115,#3116,#3124,#3132,#3140,#3148,#3154,#3155));
#3115 = ORIENTED_EDGE('',*,*,#2719,.F.);
#3116 = ORIENTED_EDGE('',*,*,#3117,.T.);
#3117 = EDGE_CURVE('',#2720,#3118,#3120,.T.);
#3118 = VERTEX_POINT('',#3119);
#3119 = CARTESIAN_POINT('',(-0.34,-0.125,1.475));
#3120 = LINE('',#3121,#3122);
#3121 = CARTESIAN_POINT('',(-0.34,-0.15,1.5));
#3122 = VECTOR('',#3123,1.);
#3123 = DIRECTION('',(7.850462293414E-17,0.707106781187,-0.707106781187)
  );
#3124 = ORIENTED_EDGE('',*,*,#3125,.T.);
#3125 = EDGE_CURVE('',#3118,#3126,#3128,.T.);
#3126 = VERTEX_POINT('',#3127);
#3127 = CARTESIAN_POINT('',(-0.34,-0.125,0.575));
#3128 = LINE('',#3129,#3130);
#3129 = CARTESIAN_POINT('',(-0.34,-0.125,1.475));
#3130 = VECTOR('',#3131,1.);
#3131 = DIRECTION('',(0.,0.,-1.));
#3132 = ORIENTED_EDGE('',*,*,#3133,.T.);
#3133 = EDGE_CURVE('',#3126,#3134,#3136,.T.);
#3134 = VERTEX_POINT('',#3135);
#3135 = CARTESIAN_POINT('',(-0.34,0.125,0.575));
#3136 = LINE('',#3137,#3138);
#3137 = CARTESIAN_POINT('',(-0.34,-0.125,0.575));
#3138 = VECTOR('',#3139,1.);
#3139 = DIRECTION('',(1.110223024625E-16,1.,0.));
#3140 = ORIENTED_EDGE('',*,*,#3141,.T.);
#3141 = EDGE_CURVE('',#3134,#3142,#3144,.T.);
#3142 = VERTEX_POINT('',#3143);
#3143 = CARTESIAN_POINT('',(-0.34,0.125,1.475));
#3144 = LINE('',#3145,#3146);
#3145 = CARTESIAN_POINT('',(-0.34,0.125,0.575));
#3146 = VECTOR('',#3147,1.);
#3147 = DIRECTION('',(0.,0.,1.));
#3148 = ORIENTED_EDGE('',*,*,#3149,.T.);
#3149 = EDGE_CURVE('',#3142,#2648,#3150,.T.);
#3150 = LINE('',#3151,#3152);
#3151 = CARTESIAN_POINT('',(-0.34,0.125,1.475));
#3152 = VECTOR('',#3153,1.);
#3153 = DIRECTION('',(7.850462293414E-17,0.707106781187,0.707106781187)
  );
#3154 = ORIENTED_EDGE('',*,*,#2655,.F.);
#3155 = ORIENTED_EDGE('',*,*,#3100,.T.);
#3156 = PLANE('',#3157);
#3157 = AXIS2_PLACEMENT_3D('',#3158,#3159,#3160);
#3158 = CARTESIAN_POINT('',(-0.34,3.774758283726E-17,0.833938310144));
#3159 = DIRECTION('',(-1.,1.110223024625E-16,0.));
#3160 = DIRECTION('',(0.,0.,1.));
#3161 = ADVANCED_FACE('',(#3162),#3180,.T.);
#3162 = FACE_BOUND('',#3163,.T.);
#3163 = EDGE_LOOP('',(#3164,#3172,#3178,#3179));
#3164 = ORIENTED_EDGE('',*,*,#3165,.T.);
#3165 = EDGE_CURVE('',#3142,#3166,#3168,.T.);
#3166 = VERTEX_POINT('',#3167);
#3167 = CARTESIAN_POINT('',(-0.24,0.125,1.475));
#3168 = LINE('',#3169,#3170);
#3169 = CARTESIAN_POINT('',(-0.34,0.125,1.475));
#3170 = VECTOR('',#3171,1.);
#3171 = DIRECTION('',(1.,-1.110223024625E-16,0.));
#3172 = ORIENTED_EDGE('',*,*,#3173,.T.);
#3173 = EDGE_CURVE('',#3166,#2640,#3174,.T.);
#3174 = LINE('',#3175,#3176);
#3175 = CARTESIAN_POINT('',(-0.24,0.125,1.475));
#3176 = VECTOR('',#3177,1.);
#3177 = DIRECTION('',(7.850462293414E-17,0.707106781187,0.707106781187)
  );
#3178 = ORIENTED_EDGE('',*,*,#2647,.F.);
#3179 = ORIENTED_EDGE('',*,*,#3149,.F.);
#3180 = PLANE('',#3181);
#3181 = AXIS2_PLACEMENT_3D('',#3182,#3183,#3184);
#3182 = CARTESIAN_POINT('',(-0.34,0.125,1.475));
#3183 = DIRECTION('',(-7.850462293414E-17,-0.707106781187,0.707106781187
    ));
#3184 = DIRECTION('',(7.850462293414E-17,0.707106781187,0.707106781187)
  );
#3185 = ADVANCED_FACE('',(#3186),#3222,.F.);
#3186 = FACE_BOUND('',#3187,.F.);
#3187 = EDGE_LOOP('',(#3188,#3189,#3197,#3205,#3213,#3219,#3220,#3221));
#3188 = ORIENTED_EDGE('',*,*,#2735,.F.);
#3189 = ORIENTED_EDGE('',*,*,#3190,.T.);
#3190 = EDGE_CURVE('',#2728,#3191,#3193,.T.);
#3191 = VERTEX_POINT('',#3192);
#3192 = CARTESIAN_POINT('',(-0.24,-0.125,1.475));
#3193 = LINE('',#3194,#3195);
#3194 = CARTESIAN_POINT('',(-0.24,-0.15,1.5));
#3195 = VECTOR('',#3196,1.);
#3196 = DIRECTION('',(7.850462293414E-17,0.707106781187,-0.707106781187)
  );
#3197 = ORIENTED_EDGE('',*,*,#3198,.T.);
#3198 = EDGE_CURVE('',#3191,#3199,#3201,.T.);
#3199 = VERTEX_POINT('',#3200);
#3200 = CARTESIAN_POINT('',(-0.24,-0.125,0.575));
#3201 = LINE('',#3202,#3203);
#3202 = CARTESIAN_POINT('',(-0.24,-0.125,1.475));
#3203 = VECTOR('',#3204,1.);
#3204 = DIRECTION('',(0.,0.,-1.));
#3205 = ORIENTED_EDGE('',*,*,#3206,.T.);
#3206 = EDGE_CURVE('',#3199,#3207,#3209,.T.);
#3207 = VERTEX_POINT('',#3208);
#3208 = CARTESIAN_POINT('',(-0.24,0.125,0.575));
#3209 = LINE('',#3210,#3211);
#3210 = CARTESIAN_POINT('',(-0.24,-0.125,0.575));
#3211 = VECTOR('',#3212,1.);
#3212 = DIRECTION('',(1.110223024625E-16,1.,0.));
#3213 = ORIENTED_EDGE('',*,*,#3214,.T.);
#3214 = EDGE_CURVE('',#3207,#3166,#3215,.T.);
#3215 = LINE('',#3216,#3217);
#3216 = CARTESIAN_POINT('',(-0.24,0.125,0.575));
#3217 = VECTOR('',#3218,1.);
#3218 = DIRECTION('',(0.,0.,1.));
#3219 = ORIENTED_EDGE('',*,*,#3173,.T.);
#3220 = ORIENTED_EDGE('',*,*,#2639,.F.);
#3221 = ORIENTED_EDGE('',*,*,#3085,.T.);
#3222 = PLANE('',#3223);
#3223 = AXIS2_PLACEMENT_3D('',#3224,#3225,#3226);
#3224 = CARTESIAN_POINT('',(-0.24,2.6645352591E-17,0.833938310144));
#3225 = DIRECTION('',(-1.,1.110223024625E-16,0.));
#3226 = DIRECTION('',(0.,0.,1.));
#3227 = ADVANCED_FACE('',(#3228),#3239,.T.);
#3228 = FACE_BOUND('',#3229,.T.);
#3229 = EDGE_LOOP('',(#3230,#3231,#3232,#3238));
#3230 = ORIENTED_EDGE('',*,*,#2727,.T.);
#3231 = ORIENTED_EDGE('',*,*,#3190,.T.);
#3232 = ORIENTED_EDGE('',*,*,#3233,.F.);
#3233 = EDGE_CURVE('',#3118,#3191,#3234,.T.);
#3234 = LINE('',#3235,#3236);
#3235 = CARTESIAN_POINT('',(-0.34,-0.125,1.475));
#3236 = VECTOR('',#3237,1.);
#3237 = DIRECTION('',(1.,-1.110223024625E-16,0.));
#3238 = ORIENTED_EDGE('',*,*,#3117,.F.);
#3239 = PLANE('',#3240);
#3240 = AXIS2_PLACEMENT_3D('',#3241,#3242,#3243);
#3241 = CARTESIAN_POINT('',(-0.34,-0.15,1.5));
#3242 = DIRECTION('',(7.850462293414E-17,0.707106781187,0.707106781187)
  );
#3243 = DIRECTION('',(7.850462293414E-17,0.707106781187,-0.707106781187)
  );
#3244 = ADVANCED_FACE('',(#3245),#3256,.T.);
#3245 = FACE_BOUND('',#3246,.T.);
#3246 = EDGE_LOOP('',(#3247,#3253,#3254,#3255));
#3247 = ORIENTED_EDGE('',*,*,#3248,.T.);
#3248 = EDGE_CURVE('',#2968,#3041,#3249,.T.);
#3249 = LINE('',#3250,#3251);
#3250 = CARTESIAN_POINT('',(-0.34,-0.875,0.575));
#3251 = VECTOR('',#3252,1.);
#3252 = DIRECTION('',(1.,-1.110223024625E-16,0.));
#3253 = ORIENTED_EDGE('',*,*,#3048,.T.);
#3254 = ORIENTED_EDGE('',*,*,#2999,.F.);
#3255 = ORIENTED_EDGE('',*,*,#2975,.F.);
#3256 = PLANE('',#3257);
#3257 = AXIS2_PLACEMENT_3D('',#3258,#3259,#3260);
#3258 = CARTESIAN_POINT('',(-0.34,-0.875,0.575));
#3259 = DIRECTION('',(-1.110223024625E-16,-1.,0.));
#3260 = DIRECTION('',(0.,0.,1.));
#3261 = ADVANCED_FACE('',(#3262),#3273,.T.);
#3262 = FACE_BOUND('',#3263,.T.);
#3263 = EDGE_LOOP('',(#3264,#3270,#3271,#3272));
#3264 = ORIENTED_EDGE('',*,*,#3265,.T.);
#3265 = EDGE_CURVE('',#2960,#3033,#3266,.T.);
#3266 = LINE('',#3267,#3268);
#3267 = CARTESIAN_POINT('',(-0.34,-1.125,0.575));
#3268 = VECTOR('',#3269,1.);
#3269 = DIRECTION('',(1.,-1.110223024625E-16,0.));
#3270 = ORIENTED_EDGE('',*,*,#3040,.T.);
#3271 = ORIENTED_EDGE('',*,*,#3248,.F.);
#3272 = ORIENTED_EDGE('',*,*,#2967,.F.);
#3273 = PLANE('',#3274);
#3274 = AXIS2_PLACEMENT_3D('',#3275,#3276,#3277);
#3275 = CARTESIAN_POINT('',(-0.34,-1.125,0.575));
#3276 = DIRECTION('',(0.,0.,1.));
#3277 = DIRECTION('',(1.110223024625E-16,1.,-0.));
#3278 = ADVANCED_FACE('',(#3279),#3285,.T.);
#3279 = FACE_BOUND('',#3280,.T.);
#3280 = EDGE_LOOP('',(#3281,#3282,#3283,#3284));
#3281 = ORIENTED_EDGE('',*,*,#3067,.T.);
#3282 = ORIENTED_EDGE('',*,*,#3032,.T.);
#3283 = ORIENTED_EDGE('',*,*,#3265,.F.);
#3284 = ORIENTED_EDGE('',*,*,#2959,.F.);
#3285 = PLANE('',#3286);
#3286 = AXIS2_PLACEMENT_3D('',#3287,#3288,#3289);
#3287 = CARTESIAN_POINT('',(-0.34,-1.125,1.475));
#3288 = DIRECTION('',(1.110223024625E-16,1.,0.));
#3289 = DIRECTION('',(0.,0.,-1.));
#3290 = ADVANCED_FACE('',(#3291),#3302,.T.);
#3291 = FACE_BOUND('',#3292,.T.);
#3292 = EDGE_LOOP('',(#3293,#3299,#3300,#3301));
#3293 = ORIENTED_EDGE('',*,*,#3294,.T.);
#3294 = EDGE_CURVE('',#3134,#3207,#3295,.T.);
#3295 = LINE('',#3296,#3297);
#3296 = CARTESIAN_POINT('',(-0.34,0.125,0.575));
#3297 = VECTOR('',#3298,1.);
#3298 = DIRECTION('',(1.,-1.110223024625E-16,0.));
#3299 = ORIENTED_EDGE('',*,*,#3214,.T.);
#3300 = ORIENTED_EDGE('',*,*,#3165,.F.);
#3301 = ORIENTED_EDGE('',*,*,#3141,.F.);
#3302 = PLANE('',#3303);
#3303 = AXIS2_PLACEMENT_3D('',#3304,#3305,#3306);
#3304 = CARTESIAN_POINT('',(-0.34,0.125,0.575));
#3305 = DIRECTION('',(-1.110223024625E-16,-1.,0.));
#3306 = DIRECTION('',(0.,0.,1.));
#3307 = ADVANCED_FACE('',(#3308),#3319,.T.);
#3308 = FACE_BOUND('',#3309,.T.);
#3309 = EDGE_LOOP('',(#3310,#3316,#3317,#3318));
#3310 = ORIENTED_EDGE('',*,*,#3311,.T.);
#3311 = EDGE_CURVE('',#3126,#3199,#3312,.T.);
#3312 = LINE('',#3313,#3314);
#3313 = CARTESIAN_POINT('',(-0.34,-0.125,0.575));
#3314 = VECTOR('',#3315,1.);
#3315 = DIRECTION('',(1.,-1.110223024625E-16,0.));
#3316 = ORIENTED_EDGE('',*,*,#3206,.T.);
#3317 = ORIENTED_EDGE('',*,*,#3294,.F.);
#3318 = ORIENTED_EDGE('',*,*,#3133,.F.);
#3319 = PLANE('',#3320);
#3320 = AXIS2_PLACEMENT_3D('',#3321,#3322,#3323);
#3321 = CARTESIAN_POINT('',(-0.34,-0.125,0.575));
#3322 = DIRECTION('',(0.,0.,1.));
#3323 = DIRECTION('',(1.110223024625E-16,1.,-0.));
#3324 = ADVANCED_FACE('',(#3325),#3331,.T.);
#3325 = FACE_BOUND('',#3326,.T.);
#3326 = EDGE_LOOP('',(#3327,#3328,#3329,#3330));
#3327 = ORIENTED_EDGE('',*,*,#3233,.T.);
#3328 = ORIENTED_EDGE('',*,*,#3198,.T.);
#3329 = ORIENTED_EDGE('',*,*,#3311,.F.);
#3330 = ORIENTED_EDGE('',*,*,#3125,.F.);
#3331 = PLANE('',#3332);
#3332 = AXIS2_PLACEMENT_3D('',#3333,#3334,#3335);
#3333 = CARTESIAN_POINT('',(-0.34,-0.125,1.475));
#3334 = DIRECTION('',(1.110223024625E-16,1.,0.));
#3335 = DIRECTION('',(0.,0.,-1.));
#3336 = ( GEOMETRIC_REPRESENTATION_CONTEXT(3) 
GLOBAL_UNCERTAINTY_ASSIGNED_CONTEXT((#3340)) 
GLOBAL_UNIT_ASSIGNED_CONTEXT((#3337,#3338,#3339)) REPRESENTATION_CONTEXT
('Context #1','3D Context with UNIT and UNCERTAINTY') );
#3337 = ( LENGTH_UNIT() NAMED_UNIT(*) SI_UNIT(.MILLI.,.METRE.) );
#3338 = ( NAMED_UNIT(*) PLANE_ANGLE_UNIT() SI_UNIT($,.RADIAN.) );
#3339 = ( NAMED_UNIT(*) SI_UNIT($,.STERADIAN.) SOLID_ANGLE_UNIT() );
#3340 = UNCERTAINTY_MEASURE_WITH_UNIT(LENGTH_MEASURE(1.E-07),#3337,
  'distance_accuracy_value','confusion accuracy');
#3341 = CONTEXT_DEPENDENT_SHAPE_REPRESENTATION(#3342,#3344);
#3342 = ( REPRESENTATION_RELATIONSHIP('','',#1495,#10) 
REPRESENTATION_RELATIONSHIP_WITH_TRANSFORMATION(#3343) 
SHAPE_REPRESENTATION_RELATIONSHIP() );
#3343 = ITEM_DEFINED_TRANSFORMATION('','',#11,#19);
#3344 = PRODUCT_DEFINITION_SHAPE('Placement','Placement of an item',
  #3345);
#3345 = NEXT_ASSEMBLY_USAGE_OCCURRENCE('2','J1','',#5,#1490,$);
#3346 = PRODUCT_RELATED_PRODUCT_CATEGORY('part',$,(#1492));
#3347 = CONTEXT_DEPENDENT_SHAPE_REPRESENTATION(#3348,#3350);
#3348 = ( REPRESENTATION_RELATIONSHIP('','',#44,#10) 
REPRESENTATION_RELATIONSHIP_WITH_TRANSFORMATION(#3349) 
SHAPE_REPRESENTATION_RELATIONSHIP() );
#3349 = ITEM_DEFINED_TRANSFORMATION('','',#11,#23);
#3350 = PRODUCT_DEFINITION_SHAPE('Placement','Placement of an item',
  #3351);
#3351 = NEXT_ASSEMBLY_USAGE_OCCURRENCE('3','J2','',#5,#39,$);
#3352 = SHAPE_DEFINITION_REPRESENTATION(#3353,#3359);
#3353 = PRODUCT_DEFINITION_SHAPE('','',#3354);
#3354 = PRODUCT_DEFINITION('design','',#3355,#3358);
#3355 = PRODUCT_DEFINITION_FORMATION('','',#3356);
#3356 = PRODUCT('Museum_PCB','Museum_PCB','',(#3357));
#3357 = PRODUCT_CONTEXT('',#2,'mechanical');
#3358 = PRODUCT_DEFINITION_CONTEXT('part definition',#2,'design');
#3359 = ADVANCED_BREP_SHAPE_REPRESENTATION('',(#11,#3360),#4845);
#3360 = MANIFOLD_SOLID_BREP('',#3361);
#3361 = CLOSED_SHELL('',(#3362,#3402,#3433,#3464,#3851,#4238,#4255,#4272
    ,#4289,#4306,#4323,#4335,#4352,#4369,#4386,#4403,#4420,#4437,#4454,
    #4471,#4488,#4505,#4522,#4539,#4556,#4573,#4590,#4607,#4624,#4641,
    #4658,#4675,#4692,#4709,#4726,#4743,#4760,#4777,#4794,#4811,#4828));
#3362 = ADVANCED_FACE('',(#3363),#3397,.T.);
#3363 = FACE_BOUND('',#3364,.T.);
#3364 = EDGE_LOOP('',(#3365,#3375,#3383,#3391));
#3365 = ORIENTED_EDGE('',*,*,#3366,.T.);
#3366 = EDGE_CURVE('',#3367,#3369,#3371,.T.);
#3367 = VERTEX_POINT('',#3368);
#3368 = CARTESIAN_POINT('',(189.5,-49.5,0.));
#3369 = VERTEX_POINT('',#3370);
#3370 = CARTESIAN_POINT('',(189.5,-49.5,1.51));
#3371 = LINE('',#3372,#3373);
#3372 = CARTESIAN_POINT('',(189.5,-49.5,0.));
#3373 = VECTOR('',#3374,1.);
#3374 = DIRECTION('',(0.,0.,1.));
#3375 = ORIENTED_EDGE('',*,*,#3376,.T.);
#3376 = EDGE_CURVE('',#3369,#3377,#3379,.T.);
#3377 = VERTEX_POINT('',#3378);
#3378 = CARTESIAN_POINT('',(189.5,-84.5,1.51));
#3379 = LINE('',#3380,#3381);
#3380 = CARTESIAN_POINT('',(189.5,-49.5,1.51));
#3381 = VECTOR('',#3382,1.);
#3382 = DIRECTION('',(0.,-1.,0.));
#3383 = ORIENTED_EDGE('',*,*,#3384,.F.);
#3384 = EDGE_CURVE('',#3385,#3377,#3387,.T.);
#3385 = VERTEX_POINT('',#3386);
#3386 = CARTESIAN_POINT('',(189.5,-84.5,0.));
#3387 = LINE('',#3388,#3389);
#3388 = CARTESIAN_POINT('',(189.5,-84.5,0.));
#3389 = VECTOR('',#3390,1.);
#3390 = DIRECTION('',(0.,0.,1.));
#3391 = ORIENTED_EDGE('',*,*,#3392,.F.);
#3392 = EDGE_CURVE('',#3367,#3385,#3393,.T.);
#3393 = LINE('',#3394,#3395);
#3394 = CARTESIAN_POINT('',(189.5,-49.5,0.));
#3395 = VECTOR('',#3396,1.);
#3396 = DIRECTION('',(0.,-1.,0.));
#3397 = PLANE('',#3398);
#3398 = AXIS2_PLACEMENT_3D('',#3399,#3400,#3401);
#3399 = CARTESIAN_POINT('',(189.5,-49.5,0.));
#3400 = DIRECTION('',(1.,0.,-0.));
#3401 = DIRECTION('',(0.,-1.,0.));
#3402 = ADVANCED_FACE('',(#3403),#3428,.T.);
#3403 = FACE_BOUND('',#3404,.T.);
#3404 = EDGE_LOOP('',(#3405,#3415,#3421,#3422));
#3405 = ORIENTED_EDGE('',*,*,#3406,.T.);
#3406 = EDGE_CURVE('',#3407,#3409,#3411,.T.);
#3407 = VERTEX_POINT('',#3408);
#3408 = CARTESIAN_POINT('',(189.5,-40.,0.));
#3409 = VERTEX_POINT('',#3410);
#3410 = CARTESIAN_POINT('',(189.5,-40.,1.51));
#3411 = LINE('',#3412,#3413);
#3412 = CARTESIAN_POINT('',(189.5,-40.,0.));
#3413 = VECTOR('',#3414,1.);
#3414 = DIRECTION('',(0.,0.,1.));
#3415 = ORIENTED_EDGE('',*,*,#3416,.T.);
#3416 = EDGE_CURVE('',#3409,#3369,#3417,.T.);
#3417 = LINE('',#3418,#3419);
#3418 = CARTESIAN_POINT('',(189.5,-40.,1.51));
#3419 = VECTOR('',#3420,1.);
#3420 = DIRECTION('',(0.,-1.,0.));
#3421 = ORIENTED_EDGE('',*,*,#3366,.F.);
#3422 = ORIENTED_EDGE('',*,*,#3423,.F.);
#3423 = EDGE_CURVE('',#3407,#3367,#3424,.T.);
#3424 = LINE('',#3425,#3426);
#3425 = CARTESIAN_POINT('',(189.5,-40.,0.));
#3426 = VECTOR('',#3427,1.);
#3427 = DIRECTION('',(0.,-1.,0.));
#3428 = PLANE('',#3429);
#3429 = AXIS2_PLACEMENT_3D('',#3430,#3431,#3432);
#3430 = CARTESIAN_POINT('',(189.5,-40.,0.));
#3431 = DIRECTION('',(1.,0.,-0.));
#3432 = DIRECTION('',(0.,-1.,0.));
#3433 = ADVANCED_FACE('',(#3434),#3459,.T.);
#3434 = FACE_BOUND('',#3435,.T.);
#3435 = EDGE_LOOP('',(#3436,#3437,#3445,#3453));
#3436 = ORIENTED_EDGE('',*,*,#3384,.T.);
#3437 = ORIENTED_EDGE('',*,*,#3438,.T.);
#3438 = EDGE_CURVE('',#3377,#3439,#3441,.T.);
#3439 = VERTEX_POINT('',#3440);
#3440 = CARTESIAN_POINT('',(145.,-134.5,1.51));
#3441 = LINE('',#3442,#3443);
#3442 = CARTESIAN_POINT('',(189.5,-84.5,1.51));
#3443 = VECTOR('',#3444,1.);
#3444 = DIRECTION('',(-0.66482736433,-0.746997038573,0.));
#3445 = ORIENTED_EDGE('',*,*,#3446,.F.);
#3446 = EDGE_CURVE('',#3447,#3439,#3449,.T.);
#3447 = VERTEX_POINT('',#3448);
#3448 = CARTESIAN_POINT('',(145.,-134.5,0.));
#3449 = LINE('',#3450,#3451);
#3450 = CARTESIAN_POINT('',(145.,-134.5,0.));
#3451 = VECTOR('',#3452,1.);
#3452 = DIRECTION('',(0.,0.,1.));
#3453 = ORIENTED_EDGE('',*,*,#3454,.F.);
#3454 = EDGE_CURVE('',#3385,#3447,#3455,.T.);
#3455 = LINE('',#3456,#3457);
#3456 = CARTESIAN_POINT('',(189.5,-84.5,0.));
#3457 = VECTOR('',#3458,1.);
#3458 = DIRECTION('',(-0.66482736433,-0.746997038573,0.));
#3459 = PLANE('',#3460);
#3460 = AXIS2_PLACEMENT_3D('',#3461,#3462,#3463);
#3461 = CARTESIAN_POINT('',(189.5,-84.5,0.));
#3462 = DIRECTION('',(0.746997038573,-0.66482736433,0.));
#3463 = DIRECTION('',(-0.66482736433,-0.746997038573,0.));
#3464 = ADVANCED_FACE('',(#3465,#3516,#3527,#3538,#3549,#3560,#3571,
    #3582,#3593,#3604,#3615,#3626,#3637,#3648,#3659,#3670,#3681,#3692,
    #3703,#3714,#3725,#3736,#3747,#3758,#3769,#3780,#3791,#3802,#3813,
    #3824,#3835),#3846,.F.);
#3465 = FACE_BOUND('',#3466,.F.);
#3466 = EDGE_LOOP('',(#3467,#3468,#3469,#3477,#3485,#3493,#3501,#3509,
    #3515));
#3467 = ORIENTED_EDGE('',*,*,#3392,.F.);
#3468 = ORIENTED_EDGE('',*,*,#3423,.F.);
#3469 = ORIENTED_EDGE('',*,*,#3470,.F.);
#3470 = EDGE_CURVE('',#3471,#3407,#3473,.T.);
#3471 = VERTEX_POINT('',#3472);
#3472 = CARTESIAN_POINT('',(55.5,-40.,0.));
#3473 = LINE('',#3474,#3475);
#3474 = CARTESIAN_POINT('',(55.5,-40.,0.));
#3475 = VECTOR('',#3476,1.);
#3476 = DIRECTION('',(1.,0.,0.));
#3477 = ORIENTED_EDGE('',*,*,#3478,.F.);
#3478 = EDGE_CURVE('',#3479,#3471,#3481,.T.);
#3479 = VERTEX_POINT('',#3480);
#3480 = CARTESIAN_POINT('',(55.5,-46.,0.));
#3481 = LINE('',#3482,#3483);
#3482 = CARTESIAN_POINT('',(55.5,-46.,0.));
#3483 = VECTOR('',#3484,1.);
#3484 = DIRECTION('',(0.,1.,0.));
#3485 = ORIENTED_EDGE('',*,*,#3486,.F.);
#3486 = EDGE_CURVE('',#3487,#3479,#3489,.T.);
#3487 = VERTEX_POINT('',#3488);
#3488 = CARTESIAN_POINT('',(55.5,-126.,0.));
#3489 = LINE('',#3490,#3491);
#3490 = CARTESIAN_POINT('',(55.5,-126.,0.));
#3491 = VECTOR('',#3492,1.);
#3492 = DIRECTION('',(0.,1.,0.));
#3493 = ORIENTED_EDGE('',*,*,#3494,.F.);
#3494 = EDGE_CURVE('',#3495,#3487,#3497,.T.);
#3495 = VERTEX_POINT('',#3496);
#3496 = CARTESIAN_POINT('',(101.,-126.,0.));
#3497 = LINE('',#3498,#3499);
#3498 = CARTESIAN_POINT('',(101.,-126.,0.));
#3499 = VECTOR('',#3500,1.);
#3500 = DIRECTION('',(-1.,0.,0.));
#3501 = ORIENTED_EDGE('',*,*,#3502,.F.);
#3502 = EDGE_CURVE('',#3503,#3495,#3505,.T.);
#3503 = VERTEX_POINT('',#3504);
#3504 = CARTESIAN_POINT('',(108.5,-134.5,0.));
#3505 = LINE('',#3506,#3507);
#3506 = CARTESIAN_POINT('',(108.5,-134.5,0.));
#3507 = VECTOR('',#3508,1.);
#3508 = DIRECTION('',(-0.661621637087,0.749837855365,0.));
#3509 = ORIENTED_EDGE('',*,*,#3510,.F.);
#3510 = EDGE_CURVE('',#3447,#3503,#3511,.T.);
#3511 = LINE('',#3512,#3513);
#3512 = CARTESIAN_POINT('',(145.,-134.5,0.));
#3513 = VECTOR('',#3514,1.);
#3514 = DIRECTION('',(-1.,0.,0.));
#3515 = ORIENTED_EDGE('',*,*,#3454,.F.);
#3516 = FACE_BOUND('',#3517,.F.);
#3517 = EDGE_LOOP('',(#3518));
#3518 = ORIENTED_EDGE('',*,*,#3519,.T.);
#3519 = EDGE_CURVE('',#3520,#3520,#3522,.T.);
#3520 = VERTEX_POINT('',#3521);
#3521 = CARTESIAN_POINT('',(83.88,-124.128,0.));
#3522 = CIRCLE('',#3523,0.508);
#3523 = AXIS2_PLACEMENT_3D('',#3524,#3525,#3526);
#3524 = CARTESIAN_POINT('',(83.88,-123.62,0.));
#3525 = DIRECTION('',(-0.,0.,-1.));
#3526 = DIRECTION('',(-0.,-1.,0.));
#3527 = FACE_BOUND('',#3528,.F.);
#3528 = EDGE_LOOP('',(#3529));
#3529 = ORIENTED_EDGE('',*,*,#3530,.T.);
#3530 = EDGE_CURVE('',#3531,#3531,#3533,.T.);
#3531 = VERTEX_POINT('',#3532);
#3532 = CARTESIAN_POINT('',(83.88,-121.588,0.));
#3533 = CIRCLE('',#3534,0.508);
#3534 = AXIS2_PLACEMENT_3D('',#3535,#3536,#3537);
#3535 = CARTESIAN_POINT('',(83.88,-121.08,0.));
#3536 = DIRECTION('',(-0.,0.,-1.));
#3537 = DIRECTION('',(-0.,-1.,0.));
#3538 = FACE_BOUND('',#3539,.F.);
#3539 = EDGE_LOOP('',(#3540));
#3540 = ORIENTED_EDGE('',*,*,#3541,.T.);
#3541 = EDGE_CURVE('',#3542,#3542,#3544,.T.);
#3542 = VERTEX_POINT('',#3543);
#3543 = CARTESIAN_POINT('',(99.12,-124.128,0.));
#3544 = CIRCLE('',#3545,0.508);
#3545 = AXIS2_PLACEMENT_3D('',#3546,#3547,#3548);
#3546 = CARTESIAN_POINT('',(99.12,-123.62,0.));
#3547 = DIRECTION('',(-0.,0.,-1.));
#3548 = DIRECTION('',(-0.,-1.,0.));
#3549 = FACE_BOUND('',#3550,.F.);
#3550 = EDGE_LOOP('',(#3551));
#3551 = ORIENTED_EDGE('',*,*,#3552,.T.);
#3552 = EDGE_CURVE('',#3553,#3553,#3555,.T.);
#3553 = VERTEX_POINT('',#3554);
#3554 = CARTESIAN_POINT('',(99.12,-121.588,0.));
#3555 = CIRCLE('',#3556,0.508);
#3556 = AXIS2_PLACEMENT_3D('',#3557,#3558,#3559);
#3557 = CARTESIAN_POINT('',(99.12,-121.08,0.));
#3558 = DIRECTION('',(-0.,0.,-1.));
#3559 = DIRECTION('',(-0.,-1.,0.));
#3560 = FACE_BOUND('',#3561,.F.);
#3561 = EDGE_LOOP('',(#3562));
#3562 = ORIENTED_EDGE('',*,*,#3563,.T.);
#3563 = EDGE_CURVE('',#3564,#3564,#3566,.T.);
#3564 = VERTEX_POINT('',#3565);
#3565 = CARTESIAN_POINT('',(83.88,-119.048,0.));
#3566 = CIRCLE('',#3567,0.508);
#3567 = AXIS2_PLACEMENT_3D('',#3568,#3569,#3570);
#3568 = CARTESIAN_POINT('',(83.88,-118.54,0.));
#3569 = DIRECTION('',(-0.,0.,-1.));
#3570 = DIRECTION('',(-0.,-1.,0.));
#3571 = FACE_BOUND('',#3572,.F.);
#3572 = EDGE_LOOP('',(#3573));
#3573 = ORIENTED_EDGE('',*,*,#3574,.T.);
#3574 = EDGE_CURVE('',#3575,#3575,#3577,.T.);
#3575 = VERTEX_POINT('',#3576);
#3576 = CARTESIAN_POINT('',(83.88,-116.508,0.));
#3577 = CIRCLE('',#3578,0.508);
#3578 = AXIS2_PLACEMENT_3D('',#3579,#3580,#3581);
#3579 = CARTESIAN_POINT('',(83.88,-116.,0.));
#3580 = DIRECTION('',(-0.,0.,-1.));
#3581 = DIRECTION('',(-0.,-1.,0.));
#3582 = FACE_BOUND('',#3583,.F.);
#3583 = EDGE_LOOP('',(#3584));
#3584 = ORIENTED_EDGE('',*,*,#3585,.T.);
#3585 = EDGE_CURVE('',#3586,#3586,#3588,.T.);
#3586 = VERTEX_POINT('',#3587);
#3587 = CARTESIAN_POINT('',(99.12,-119.048,0.));
#3588 = CIRCLE('',#3589,0.508);
#3589 = AXIS2_PLACEMENT_3D('',#3590,#3591,#3592);
#3590 = CARTESIAN_POINT('',(99.12,-118.54,0.));
#3591 = DIRECTION('',(-0.,0.,-1.));
#3592 = DIRECTION('',(-0.,-1.,0.));
#3593 = FACE_BOUND('',#3594,.F.);
#3594 = EDGE_LOOP('',(#3595));
#3595 = ORIENTED_EDGE('',*,*,#3596,.T.);
#3596 = EDGE_CURVE('',#3597,#3597,#3599,.T.);
#3597 = VERTEX_POINT('',#3598);
#3598 = CARTESIAN_POINT('',(99.12,-116.508,0.));
#3599 = CIRCLE('',#3600,0.508);
#3600 = AXIS2_PLACEMENT_3D('',#3601,#3602,#3603);
#3601 = CARTESIAN_POINT('',(99.12,-116.,0.));
#3602 = DIRECTION('',(-0.,0.,-1.));
#3603 = DIRECTION('',(-0.,-1.,0.));
#3604 = FACE_BOUND('',#3605,.F.);
#3605 = EDGE_LOOP('',(#3606));
#3606 = ORIENTED_EDGE('',*,*,#3607,.T.);
#3607 = EDGE_CURVE('',#3608,#3608,#3610,.T.);
#3608 = VERTEX_POINT('',#3609);
#3609 = CARTESIAN_POINT('',(109.5,-133.75,0.));
#3610 = CIRCLE('',#3611,0.25);
#3611 = AXIS2_PLACEMENT_3D('',#3612,#3613,#3614);
#3612 = CARTESIAN_POINT('',(109.5,-133.5,0.));
#3613 = DIRECTION('',(-0.,0.,-1.));
#3614 = DIRECTION('',(-0.,-1.,0.));
#3615 = FACE_BOUND('',#3616,.F.);
#3616 = EDGE_LOOP('',(#3617));
#3617 = ORIENTED_EDGE('',*,*,#3618,.T.);
#3618 = EDGE_CURVE('',#3619,#3619,#3621,.T.);
#3619 = VERTEX_POINT('',#3620);
#3620 = CARTESIAN_POINT('',(110.5,-133.75,0.));
#3621 = CIRCLE('',#3622,0.25);
#3622 = AXIS2_PLACEMENT_3D('',#3623,#3624,#3625);
#3623 = CARTESIAN_POINT('',(110.5,-133.5,0.));
#3624 = DIRECTION('',(-0.,0.,-1.));
#3625 = DIRECTION('',(-0.,-1.,0.));
#3626 = FACE_BOUND('',#3627,.F.);
#3627 = EDGE_LOOP('',(#3628));
#3628 = ORIENTED_EDGE('',*,*,#3629,.F.);
#3629 = EDGE_CURVE('',#3630,#3630,#3632,.T.);
#3630 = VERTEX_POINT('',#3631);
#3631 = CARTESIAN_POINT('',(123.8,-125.,0.));
#3632 = CIRCLE('',#3633,1.3);
#3633 = AXIS2_PLACEMENT_3D('',#3634,#3635,#3636);
#3634 = CARTESIAN_POINT('',(122.5,-125.,0.));
#3635 = DIRECTION('',(0.,0.,1.));
#3636 = DIRECTION('',(1.,0.,-0.));
#3637 = FACE_BOUND('',#3638,.F.);
#3638 = EDGE_LOOP('',(#3639));
#3639 = ORIENTED_EDGE('',*,*,#3640,.T.);
#3640 = EDGE_CURVE('',#3641,#3641,#3643,.T.);
#3641 = VERTEX_POINT('',#3642);
#3642 = CARTESIAN_POINT('',(120.07,-120.235,0.));
#3643 = CIRCLE('',#3644,0.425);
#3644 = AXIS2_PLACEMENT_3D('',#3645,#3646,#3647);
#3645 = CARTESIAN_POINT('',(120.07,-119.81,0.));
#3646 = DIRECTION('',(-0.,0.,-1.));
#3647 = DIRECTION('',(-0.,-1.,0.));
#3648 = FACE_BOUND('',#3649,.F.);
#3649 = EDGE_LOOP('',(#3650));
#3650 = ORIENTED_EDGE('',*,*,#3651,.F.);
#3651 = EDGE_CURVE('',#3652,#3652,#3654,.T.);
#3652 = VERTEX_POINT('',#3653);
#3653 = CARTESIAN_POINT('',(118.95,-116.,0.));
#3654 = CIRCLE('',#3655,0.95);
#3655 = AXIS2_PLACEMENT_3D('',#3656,#3657,#3658);
#3656 = CARTESIAN_POINT('',(118.,-116.,0.));
#3657 = DIRECTION('',(0.,0.,1.));
#3658 = DIRECTION('',(1.,0.,-0.));
#3659 = FACE_BOUND('',#3660,.F.);
#3660 = EDGE_LOOP('',(#3661));
#3661 = ORIENTED_EDGE('',*,*,#3662,.T.);
#3662 = EDGE_CURVE('',#3663,#3663,#3665,.T.);
#3663 = VERTEX_POINT('',#3664);
#3664 = CARTESIAN_POINT('',(142.93,-120.235,0.));
#3665 = CIRCLE('',#3666,0.425);
#3666 = AXIS2_PLACEMENT_3D('',#3667,#3668,#3669);
#3667 = CARTESIAN_POINT('',(142.93,-119.81,0.));
#3668 = DIRECTION('',(-0.,0.,-1.));
#3669 = DIRECTION('',(-0.,-1.,0.));
#3670 = FACE_BOUND('',#3671,.F.);
#3671 = EDGE_LOOP('',(#3672));
#3672 = ORIENTED_EDGE('',*,*,#3673,.F.);
#3673 = EDGE_CURVE('',#3674,#3674,#3676,.T.);
#3674 = VERTEX_POINT('',#3675);
#3675 = CARTESIAN_POINT('',(145.95,-116.,0.));
#3676 = CIRCLE('',#3677,0.95);
#3677 = AXIS2_PLACEMENT_3D('',#3678,#3679,#3680);
#3678 = CARTESIAN_POINT('',(145.,-116.,0.));
#3679 = DIRECTION('',(0.,0.,1.));
#3680 = DIRECTION('',(1.,0.,-0.));
#3681 = FACE_BOUND('',#3682,.F.);
#3682 = EDGE_LOOP('',(#3683));
#3683 = ORIENTED_EDGE('',*,*,#3684,.T.);
#3684 = EDGE_CURVE('',#3685,#3685,#3687,.T.);
#3685 = VERTEX_POINT('',#3686);
#3686 = CARTESIAN_POINT('',(57.,-111.75,0.));
#3687 = CIRCLE('',#3688,0.25);
#3688 = AXIS2_PLACEMENT_3D('',#3689,#3690,#3691);
#3689 = CARTESIAN_POINT('',(57.,-111.5,0.));
#3690 = DIRECTION('',(-0.,0.,-1.));
#3691 = DIRECTION('',(-0.,-1.,0.));
#3692 = FACE_BOUND('',#3693,.F.);
#3693 = EDGE_LOOP('',(#3694));
#3694 = ORIENTED_EDGE('',*,*,#3695,.T.);
#3695 = EDGE_CURVE('',#3696,#3696,#3698,.T.);
#3696 = VERTEX_POINT('',#3697);
#3697 = CARTESIAN_POINT('',(57.,-110.75,0.));
#3698 = CIRCLE('',#3699,0.25);
#3699 = AXIS2_PLACEMENT_3D('',#3700,#3701,#3702);
#3700 = CARTESIAN_POINT('',(57.,-110.5,0.));
#3701 = DIRECTION('',(-0.,0.,-1.));
#3702 = DIRECTION('',(-0.,-1.,0.));
#3703 = FACE_BOUND('',#3704,.F.);
#3704 = EDGE_LOOP('',(#3705));
#3705 = ORIENTED_EDGE('',*,*,#3706,.T.);
#3706 = EDGE_CURVE('',#3707,#3707,#3709,.T.);
#3707 = VERTEX_POINT('',#3708);
#3708 = CARTESIAN_POINT('',(83.88,-113.968,0.));
#3709 = CIRCLE('',#3710,0.508);
#3710 = AXIS2_PLACEMENT_3D('',#3711,#3712,#3713);
#3711 = CARTESIAN_POINT('',(83.88,-113.46,0.));
#3712 = DIRECTION('',(-0.,0.,-1.));
#3713 = DIRECTION('',(-0.,-1.,0.));
#3714 = FACE_BOUND('',#3715,.F.);
#3715 = EDGE_LOOP('',(#3716));
#3716 = ORIENTED_EDGE('',*,*,#3717,.T.);
#3717 = EDGE_CURVE('',#3718,#3718,#3720,.T.);
#3718 = VERTEX_POINT('',#3719);
#3719 = CARTESIAN_POINT('',(83.88,-111.428,0.));
#3720 = CIRCLE('',#3721,0.508);
#3721 = AXIS2_PLACEMENT_3D('',#3722,#3723,#3724);
#3722 = CARTESIAN_POINT('',(83.88,-110.92,0.));
#3723 = DIRECTION('',(-0.,0.,-1.));
#3724 = DIRECTION('',(-0.,-1.,0.));
#3725 = FACE_BOUND('',#3726,.F.);
#3726 = EDGE_LOOP('',(#3727));
#3727 = ORIENTED_EDGE('',*,*,#3728,.T.);
#3728 = EDGE_CURVE('',#3729,#3729,#3731,.T.);
#3729 = VERTEX_POINT('',#3730);
#3730 = CARTESIAN_POINT('',(99.12,-113.968,0.));
#3731 = CIRCLE('',#3732,0.508);
#3732 = AXIS2_PLACEMENT_3D('',#3733,#3734,#3735);
#3733 = CARTESIAN_POINT('',(99.12,-113.46,0.));
#3734 = DIRECTION('',(-0.,0.,-1.));
#3735 = DIRECTION('',(-0.,-1.,0.));
#3736 = FACE_BOUND('',#3737,.F.);
#3737 = EDGE_LOOP('',(#3738));
#3738 = ORIENTED_EDGE('',*,*,#3739,.T.);
#3739 = EDGE_CURVE('',#3740,#3740,#3742,.T.);
#3740 = VERTEX_POINT('',#3741);
#3741 = CARTESIAN_POINT('',(99.12,-111.428,0.));
#3742 = CIRCLE('',#3743,0.508);
#3743 = AXIS2_PLACEMENT_3D('',#3744,#3745,#3746);
#3744 = CARTESIAN_POINT('',(99.12,-110.92,0.));
#3745 = DIRECTION('',(-0.,0.,-1.));
#3746 = DIRECTION('',(-0.,-1.,0.));
#3747 = FACE_BOUND('',#3748,.F.);
#3748 = EDGE_LOOP('',(#3749));
#3749 = ORIENTED_EDGE('',*,*,#3750,.T.);
#3750 = EDGE_CURVE('',#3751,#3751,#3753,.T.);
#3751 = VERTEX_POINT('',#3752);
#3752 = CARTESIAN_POINT('',(83.88,-108.888,0.));
#3753 = CIRCLE('',#3754,0.508);
#3754 = AXIS2_PLACEMENT_3D('',#3755,#3756,#3757);
#3755 = CARTESIAN_POINT('',(83.88,-108.38,0.));
#3756 = DIRECTION('',(-0.,0.,-1.));
#3757 = DIRECTION('',(-0.,-1.,0.));
#3758 = FACE_BOUND('',#3759,.F.);
#3759 = EDGE_LOOP('',(#3760));
#3760 = ORIENTED_EDGE('',*,*,#3761,.T.);
#3761 = EDGE_CURVE('',#3762,#3762,#3764,.T.);
#3762 = VERTEX_POINT('',#3763);
#3763 = CARTESIAN_POINT('',(99.12,-108.888,0.));
#3764 = CIRCLE('',#3765,0.508);
#3765 = AXIS2_PLACEMENT_3D('',#3766,#3767,#3768);
#3766 = CARTESIAN_POINT('',(99.12,-108.38,0.));
#3767 = DIRECTION('',(-0.,0.,-1.));
#3768 = DIRECTION('',(-0.,-1.,0.));
#3769 = FACE_BOUND('',#3770,.F.);
#3770 = EDGE_LOOP('',(#3771));
#3771 = ORIENTED_EDGE('',*,*,#3772,.T.);
#3772 = EDGE_CURVE('',#3773,#3773,#3775,.T.);
#3773 = VERTEX_POINT('',#3774);
#3774 = CARTESIAN_POINT('',(88.96,-98.728,0.));
#3775 = CIRCLE('',#3776,0.508);
#3776 = AXIS2_PLACEMENT_3D('',#3777,#3778,#3779);
#3777 = CARTESIAN_POINT('',(88.96,-98.22,0.));
#3778 = DIRECTION('',(-0.,0.,-1.));
#3779 = DIRECTION('',(-2.797412345512E-14,-1.,0.));
#3780 = FACE_BOUND('',#3781,.F.);
#3781 = EDGE_LOOP('',(#3782));
#3782 = ORIENTED_EDGE('',*,*,#3783,.T.);
#3783 = EDGE_CURVE('',#3784,#3784,#3786,.T.);
#3784 = VERTEX_POINT('',#3785);
#3785 = CARTESIAN_POINT('',(94.04,-98.728,0.));
#3786 = CIRCLE('',#3787,0.508);
#3787 = AXIS2_PLACEMENT_3D('',#3788,#3789,#3790);
#3788 = CARTESIAN_POINT('',(94.04,-98.22,0.));
#3789 = DIRECTION('',(-0.,0.,-1.));
#3790 = DIRECTION('',(2.797412345512E-14,-1.,-0.));
#3791 = FACE_BOUND('',#3792,.F.);
#3792 = EDGE_LOOP('',(#3793));
#3793 = ORIENTED_EDGE('',*,*,#3794,.T.);
#3794 = EDGE_CURVE('',#3795,#3795,#3797,.T.);
#3795 = VERTEX_POINT('',#3796);
#3796 = CARTESIAN_POINT('',(120.07,-112.615,0.));
#3797 = CIRCLE('',#3798,0.425);
#3798 = AXIS2_PLACEMENT_3D('',#3799,#3800,#3801);
#3799 = CARTESIAN_POINT('',(120.07,-112.19,0.));
#3800 = DIRECTION('',(-0.,0.,-1.));
#3801 = DIRECTION('',(-0.,-1.,0.));
#3802 = FACE_BOUND('',#3803,.F.);
#3803 = EDGE_LOOP('',(#3804));
#3804 = ORIENTED_EDGE('',*,*,#3805,.T.);
#3805 = EDGE_CURVE('',#3806,#3806,#3808,.T.);
#3806 = VERTEX_POINT('',#3807);
#3807 = CARTESIAN_POINT('',(142.93,-112.615,0.));
#3808 = CIRCLE('',#3809,0.425);
#3809 = AXIS2_PLACEMENT_3D('',#3810,#3811,#3812);
#3810 = CARTESIAN_POINT('',(142.93,-112.19,0.));
#3811 = DIRECTION('',(-0.,0.,-1.));
#3812 = DIRECTION('',(-0.,-1.,0.));
#3813 = FACE_BOUND('',#3814,.F.);
#3814 = EDGE_LOOP('',(#3815));
#3815 = ORIENTED_EDGE('',*,*,#3816,.F.);
#3816 = EDGE_CURVE('',#3817,#3817,#3819,.T.);
#3817 = VERTEX_POINT('',#3818);
#3818 = CARTESIAN_POINT('',(133.45,-106.,0.));
#3819 = CIRCLE('',#3820,1.95);
#3820 = AXIS2_PLACEMENT_3D('',#3821,#3822,#3823);
#3821 = CARTESIAN_POINT('',(131.5,-106.,0.));
#3822 = DIRECTION('',(0.,0.,1.));
#3823 = DIRECTION('',(1.,0.,-0.));
#3824 = FACE_BOUND('',#3825,.F.);
#3825 = EDGE_LOOP('',(#3826));
#3826 = ORIENTED_EDGE('',*,*,#3827,.T.);
#3827 = EDGE_CURVE('',#3828,#3828,#3830,.T.);
#3828 = VERTEX_POINT('',#3829);
#3829 = CARTESIAN_POINT('',(109.,-97.75,0.));
#3830 = CIRCLE('',#3831,0.25);
#3831 = AXIS2_PLACEMENT_3D('',#3832,#3833,#3834);
#3832 = CARTESIAN_POINT('',(109.,-97.5,0.));
#3833 = DIRECTION('',(-0.,0.,-1.));
#3834 = DIRECTION('',(-0.,-1.,0.));
#3835 = FACE_BOUND('',#3836,.F.);
#3836 = EDGE_LOOP('',(#3837));
#3837 = ORIENTED_EDGE('',*,*,#3838,.T.);
#3838 = EDGE_CURVE('',#3839,#3839,#3841,.T.);
#3839 = VERTEX_POINT('',#3840);
#3840 = CARTESIAN_POINT('',(109.,-96.75,0.));
#3841 = CIRCLE('',#3842,0.25);
#3842 = AXIS2_PLACEMENT_3D('',#3843,#3844,#3845);
#3843 = CARTESIAN_POINT('',(109.,-96.5,0.));
#3844 = DIRECTION('',(-0.,0.,-1.));
#3845 = DIRECTION('',(-0.,-1.,0.));
#3846 = PLANE('',#3847);
#3847 = AXIS2_PLACEMENT_3D('',#3848,#3849,#3850);
#3848 = CARTESIAN_POINT('',(0.,0.,0.));
#3849 = DIRECTION('',(0.,0.,1.));
#3850 = DIRECTION('',(1.,0.,-0.));
#3851 = ADVANCED_FACE('',(#3852,#3903,#3914,#3925,#3936,#3947,#3958,
    #3969,#3980,#3991,#4002,#4013,#4024,#4035,#4046,#4057,#4068,#4079,
    #4090,#4101,#4112,#4123,#4134,#4145,#4156,#4167,#4178,#4189,#4200,
    #4211,#4222),#4233,.T.);
#3852 = FACE_BOUND('',#3853,.T.);
#3853 = EDGE_LOOP('',(#3854,#3855,#3856,#3864,#3872,#3880,#3888,#3896,
    #3902));
#3854 = ORIENTED_EDGE('',*,*,#3376,.F.);
#3855 = ORIENTED_EDGE('',*,*,#3416,.F.);
#3856 = ORIENTED_EDGE('',*,*,#3857,.F.);
#3857 = EDGE_CURVE('',#3858,#3409,#3860,.T.);
#3858 = VERTEX_POINT('',#3859);
#3859 = CARTESIAN_POINT('',(55.5,-40.,1.51));
#3860 = LINE('',#3861,#3862);
#3861 = CARTESIAN_POINT('',(55.5,-40.,1.51));
#3862 = VECTOR('',#3863,1.);
#3863 = DIRECTION('',(1.,0.,0.));
#3864 = ORIENTED_EDGE('',*,*,#3865,.F.);
#3865 = EDGE_CURVE('',#3866,#3858,#3868,.T.);
#3866 = VERTEX_POINT('',#3867);
#3867 = CARTESIAN_POINT('',(55.5,-46.,1.51));
#3868 = LINE('',#3869,#3870);
#3869 = CARTESIAN_POINT('',(55.5,-46.,1.51));
#3870 = VECTOR('',#3871,1.);
#3871 = DIRECTION('',(0.,1.,0.));
#3872 = ORIENTED_EDGE('',*,*,#3873,.F.);
#3873 = EDGE_CURVE('',#3874,#3866,#3876,.T.);
#3874 = VERTEX_POINT('',#3875);
#3875 = CARTESIAN_POINT('',(55.5,-126.,1.51));
#3876 = LINE('',#3877,#3878);
#3877 = CARTESIAN_POINT('',(55.5,-126.,1.51));
#3878 = VECTOR('',#3879,1.);
#3879 = DIRECTION('',(0.,1.,0.));
#3880 = ORIENTED_EDGE('',*,*,#3881,.F.);
#3881 = EDGE_CURVE('',#3882,#3874,#3884,.T.);
#3882 = VERTEX_POINT('',#3883);
#3883 = CARTESIAN_POINT('',(101.,-126.,1.51));
#3884 = LINE('',#3885,#3886);
#3885 = CARTESIAN_POINT('',(101.,-126.,1.51));
#3886 = VECTOR('',#3887,1.);
#3887 = DIRECTION('',(-1.,0.,0.));
#3888 = ORIENTED_EDGE('',*,*,#3889,.F.);
#3889 = EDGE_CURVE('',#3890,#3882,#3892,.T.);
#3890 = VERTEX_POINT('',#3891);
#3891 = CARTESIAN_POINT('',(108.5,-134.5,1.51));
#3892 = LINE('',#3893,#3894);
#3893 = CARTESIAN_POINT('',(108.5,-134.5,1.51));
#3894 = VECTOR('',#3895,1.);
#3895 = DIRECTION('',(-0.661621637087,0.749837855365,0.));
#3896 = ORIENTED_EDGE('',*,*,#3897,.F.);
#3897 = EDGE_CURVE('',#3439,#3890,#3898,.T.);
#3898 = LINE('',#3899,#3900);
#3899 = CARTESIAN_POINT('',(145.,-134.5,1.51));
#3900 = VECTOR('',#3901,1.);
#3901 = DIRECTION('',(-1.,0.,0.));
#3902 = ORIENTED_EDGE('',*,*,#3438,.F.);
#3903 = FACE_BOUND('',#3904,.T.);
#3904 = EDGE_LOOP('',(#3905));
#3905 = ORIENTED_EDGE('',*,*,#3906,.T.);
#3906 = EDGE_CURVE('',#3907,#3907,#3909,.T.);
#3907 = VERTEX_POINT('',#3908);
#3908 = CARTESIAN_POINT('',(83.88,-124.128,1.51));
#3909 = CIRCLE('',#3910,0.508);
#3910 = AXIS2_PLACEMENT_3D('',#3911,#3912,#3913);
#3911 = CARTESIAN_POINT('',(83.88,-123.62,1.51));
#3912 = DIRECTION('',(-0.,0.,-1.));
#3913 = DIRECTION('',(-0.,-1.,0.));
#3914 = FACE_BOUND('',#3915,.T.);
#3915 = EDGE_LOOP('',(#3916));
#3916 = ORIENTED_EDGE('',*,*,#3917,.T.);
#3917 = EDGE_CURVE('',#3918,#3918,#3920,.T.);
#3918 = VERTEX_POINT('',#3919);
#3919 = CARTESIAN_POINT('',(83.88,-121.588,1.51));
#3920 = CIRCLE('',#3921,0.508);
#3921 = AXIS2_PLACEMENT_3D('',#3922,#3923,#3924);
#3922 = CARTESIAN_POINT('',(83.88,-121.08,1.51));
#3923 = DIRECTION('',(-0.,0.,-1.));
#3924 = DIRECTION('',(-0.,-1.,0.));
#3925 = FACE_BOUND('',#3926,.T.);
#3926 = EDGE_LOOP('',(#3927));
#3927 = ORIENTED_EDGE('',*,*,#3928,.T.);
#3928 = EDGE_CURVE('',#3929,#3929,#3931,.T.);
#3929 = VERTEX_POINT('',#3930);
#3930 = CARTESIAN_POINT('',(99.12,-124.128,1.51));
#3931 = CIRCLE('',#3932,0.508);
#3932 = AXIS2_PLACEMENT_3D('',#3933,#3934,#3935);
#3933 = CARTESIAN_POINT('',(99.12,-123.62,1.51));
#3934 = DIRECTION('',(-0.,0.,-1.));
#3935 = DIRECTION('',(-0.,-1.,0.));
#3936 = FACE_BOUND('',#3937,.T.);
#3937 = EDGE_LOOP('',(#3938));
#3938 = ORIENTED_EDGE('',*,*,#3939,.T.);
#3939 = EDGE_CURVE('',#3940,#3940,#3942,.T.);
#3940 = VERTEX_POINT('',#3941);
#3941 = CARTESIAN_POINT('',(99.12,-121.588,1.51));
#3942 = CIRCLE('',#3943,0.508);
#3943 = AXIS2_PLACEMENT_3D('',#3944,#3945,#3946);
#3944 = CARTESIAN_POINT('',(99.12,-121.08,1.51));
#3945 = DIRECTION('',(-0.,0.,-1.));
#3946 = DIRECTION('',(-0.,-1.,0.));
#3947 = FACE_BOUND('',#3948,.T.);
#3948 = EDGE_LOOP('',(#3949));
#3949 = ORIENTED_EDGE('',*,*,#3950,.T.);
#3950 = EDGE_CURVE('',#3951,#3951,#3953,.T.);
#3951 = VERTEX_POINT('',#3952);
#3952 = CARTESIAN_POINT('',(83.88,-119.048,1.51));
#3953 = CIRCLE('',#3954,0.508);
#3954 = AXIS2_PLACEMENT_3D('',#3955,#3956,#3957);
#3955 = CARTESIAN_POINT('',(83.88,-118.54,1.51));
#3956 = DIRECTION('',(-0.,0.,-1.));
#3957 = DIRECTION('',(-0.,-1.,0.));
#3958 = FACE_BOUND('',#3959,.T.);
#3959 = EDGE_LOOP('',(#3960));
#3960 = ORIENTED_EDGE('',*,*,#3961,.T.);
#3961 = EDGE_CURVE('',#3962,#3962,#3964,.T.);
#3962 = VERTEX_POINT('',#3963);
#3963 = CARTESIAN_POINT('',(83.88,-116.508,1.51));
#3964 = CIRCLE('',#3965,0.508);
#3965 = AXIS2_PLACEMENT_3D('',#3966,#3967,#3968);
#3966 = CARTESIAN_POINT('',(83.88,-116.,1.51));
#3967 = DIRECTION('',(-0.,0.,-1.));
#3968 = DIRECTION('',(-0.,-1.,0.));
#3969 = FACE_BOUND('',#3970,.T.);
#3970 = EDGE_LOOP('',(#3971));
#3971 = ORIENTED_EDGE('',*,*,#3972,.T.);
#3972 = EDGE_CURVE('',#3973,#3973,#3975,.T.);
#3973 = VERTEX_POINT('',#3974);
#3974 = CARTESIAN_POINT('',(99.12,-119.048,1.51));
#3975 = CIRCLE('',#3976,0.508);
#3976 = AXIS2_PLACEMENT_3D('',#3977,#3978,#3979);
#3977 = CARTESIAN_POINT('',(99.12,-118.54,1.51));
#3978 = DIRECTION('',(-0.,0.,-1.));
#3979 = DIRECTION('',(-0.,-1.,0.));
#3980 = FACE_BOUND('',#3981,.T.);
#3981 = EDGE_LOOP('',(#3982));
#3982 = ORIENTED_EDGE('',*,*,#3983,.T.);
#3983 = EDGE_CURVE('',#3984,#3984,#3986,.T.);
#3984 = VERTEX_POINT('',#3985);
#3985 = CARTESIAN_POINT('',(99.12,-116.508,1.51));
#3986 = CIRCLE('',#3987,0.508);
#3987 = AXIS2_PLACEMENT_3D('',#3988,#3989,#3990);
#3988 = CARTESIAN_POINT('',(99.12,-116.,1.51));
#3989 = DIRECTION('',(-0.,0.,-1.));
#3990 = DIRECTION('',(-0.,-1.,0.));
#3991 = FACE_BOUND('',#3992,.T.);
#3992 = EDGE_LOOP('',(#3993));
#3993 = ORIENTED_EDGE('',*,*,#3994,.T.);
#3994 = EDGE_CURVE('',#3995,#3995,#3997,.T.);
#3995 = VERTEX_POINT('',#3996);
#3996 = CARTESIAN_POINT('',(109.5,-133.75,1.51));
#3997 = CIRCLE('',#3998,0.25);
#3998 = AXIS2_PLACEMENT_3D('',#3999,#4000,#4001);
#3999 = CARTESIAN_POINT('',(109.5,-133.5,1.51));
#4000 = DIRECTION('',(-0.,0.,-1.));
#4001 = DIRECTION('',(-0.,-1.,0.));
#4002 = FACE_BOUND('',#4003,.T.);
#4003 = EDGE_LOOP('',(#4004));
#4004 = ORIENTED_EDGE('',*,*,#4005,.T.);
#4005 = EDGE_CURVE('',#4006,#4006,#4008,.T.);
#4006 = VERTEX_POINT('',#4007);
#4007 = CARTESIAN_POINT('',(110.5,-133.75,1.51));
#4008 = CIRCLE('',#4009,0.25);
#4009 = AXIS2_PLACEMENT_3D('',#4010,#4011,#4012);
#4010 = CARTESIAN_POINT('',(110.5,-133.5,1.51));
#4011 = DIRECTION('',(-0.,0.,-1.));
#4012 = DIRECTION('',(-0.,-1.,0.));
#4013 = FACE_BOUND('',#4014,.T.);
#4014 = EDGE_LOOP('',(#4015));
#4015 = ORIENTED_EDGE('',*,*,#4016,.F.);
#4016 = EDGE_CURVE('',#4017,#4017,#4019,.T.);
#4017 = VERTEX_POINT('',#4018);
#4018 = CARTESIAN_POINT('',(123.8,-125.,1.51));
#4019 = CIRCLE('',#4020,1.3);
#4020 = AXIS2_PLACEMENT_3D('',#4021,#4022,#4023);
#4021 = CARTESIAN_POINT('',(122.5,-125.,1.51));
#4022 = DIRECTION('',(0.,0.,1.));
#4023 = DIRECTION('',(1.,0.,-0.));
#4024 = FACE_BOUND('',#4025,.T.);
#4025 = EDGE_LOOP('',(#4026));
#4026 = ORIENTED_EDGE('',*,*,#4027,.T.);
#4027 = EDGE_CURVE('',#4028,#4028,#4030,.T.);
#4028 = VERTEX_POINT('',#4029);
#4029 = CARTESIAN_POINT('',(120.07,-120.235,1.51));
#4030 = CIRCLE('',#4031,0.425);
#4031 = AXIS2_PLACEMENT_3D('',#4032,#4033,#4034);
#4032 = CARTESIAN_POINT('',(120.07,-119.81,1.51));
#4033 = DIRECTION('',(-0.,0.,-1.));
#4034 = DIRECTION('',(-0.,-1.,0.));
#4035 = FACE_BOUND('',#4036,.T.);
#4036 = EDGE_LOOP('',(#4037));
#4037 = ORIENTED_EDGE('',*,*,#4038,.F.);
#4038 = EDGE_CURVE('',#4039,#4039,#4041,.T.);
#4039 = VERTEX_POINT('',#4040);
#4040 = CARTESIAN_POINT('',(118.95,-116.,1.51));
#4041 = CIRCLE('',#4042,0.95);
#4042 = AXIS2_PLACEMENT_3D('',#4043,#4044,#4045);
#4043 = CARTESIAN_POINT('',(118.,-116.,1.51));
#4044 = DIRECTION('',(0.,0.,1.));
#4045 = DIRECTION('',(1.,0.,-0.));
#4046 = FACE_BOUND('',#4047,.T.);
#4047 = EDGE_LOOP('',(#4048));
#4048 = ORIENTED_EDGE('',*,*,#4049,.T.);
#4049 = EDGE_CURVE('',#4050,#4050,#4052,.T.);
#4050 = VERTEX_POINT('',#4051);
#4051 = CARTESIAN_POINT('',(142.93,-120.235,1.51));
#4052 = CIRCLE('',#4053,0.425);
#4053 = AXIS2_PLACEMENT_3D('',#4054,#4055,#4056);
#4054 = CARTESIAN_POINT('',(142.93,-119.81,1.51));
#4055 = DIRECTION('',(-0.,0.,-1.));
#4056 = DIRECTION('',(-0.,-1.,0.));
#4057 = FACE_BOUND('',#4058,.T.);
#4058 = EDGE_LOOP('',(#4059));
#4059 = ORIENTED_EDGE('',*,*,#4060,.F.);
#4060 = EDGE_CURVE('',#4061,#4061,#4063,.T.);
#4061 = VERTEX_POINT('',#4062);
#4062 = CARTESIAN_POINT('',(145.95,-116.,1.51));
#4063 = CIRCLE('',#4064,0.95);
#4064 = AXIS2_PLACEMENT_3D('',#4065,#4066,#4067);
#4065 = CARTESIAN_POINT('',(145.,-116.,1.51));
#4066 = DIRECTION('',(0.,0.,1.));
#4067 = DIRECTION('',(1.,0.,-0.));
#4068 = FACE_BOUND('',#4069,.T.);
#4069 = EDGE_LOOP('',(#4070));
#4070 = ORIENTED_EDGE('',*,*,#4071,.T.);
#4071 = EDGE_CURVE('',#4072,#4072,#4074,.T.);
#4072 = VERTEX_POINT('',#4073);
#4073 = CARTESIAN_POINT('',(57.,-111.75,1.51));
#4074 = CIRCLE('',#4075,0.25);
#4075 = AXIS2_PLACEMENT_3D('',#4076,#4077,#4078);
#4076 = CARTESIAN_POINT('',(57.,-111.5,1.51));
#4077 = DIRECTION('',(-0.,0.,-1.));
#4078 = DIRECTION('',(-0.,-1.,0.));
#4079 = FACE_BOUND('',#4080,.T.);
#4080 = EDGE_LOOP('',(#4081));
#4081 = ORIENTED_EDGE('',*,*,#4082,.T.);
#4082 = EDGE_CURVE('',#4083,#4083,#4085,.T.);
#4083 = VERTEX_POINT('',#4084);
#4084 = CARTESIAN_POINT('',(57.,-110.75,1.51));
#4085 = CIRCLE('',#4086,0.25);
#4086 = AXIS2_PLACEMENT_3D('',#4087,#4088,#4089);
#4087 = CARTESIAN_POINT('',(57.,-110.5,1.51));
#4088 = DIRECTION('',(-0.,0.,-1.));
#4089 = DIRECTION('',(-0.,-1.,0.));
#4090 = FACE_BOUND('',#4091,.T.);
#4091 = EDGE_LOOP('',(#4092));
#4092 = ORIENTED_EDGE('',*,*,#4093,.T.);
#4093 = EDGE_CURVE('',#4094,#4094,#4096,.T.);
#4094 = VERTEX_POINT('',#4095);
#4095 = CARTESIAN_POINT('',(83.88,-113.968,1.51));
#4096 = CIRCLE('',#4097,0.508);
#4097 = AXIS2_PLACEMENT_3D('',#4098,#4099,#4100);
#4098 = CARTESIAN_POINT('',(83.88,-113.46,1.51));
#4099 = DIRECTION('',(-0.,0.,-1.));
#4100 = DIRECTION('',(-0.,-1.,0.));
#4101 = FACE_BOUND('',#4102,.T.);
#4102 = EDGE_LOOP('',(#4103));
#4103 = ORIENTED_EDGE('',*,*,#4104,.T.);
#4104 = EDGE_CURVE('',#4105,#4105,#4107,.T.);
#4105 = VERTEX_POINT('',#4106);
#4106 = CARTESIAN_POINT('',(83.88,-111.428,1.51));
#4107 = CIRCLE('',#4108,0.508);
#4108 = AXIS2_PLACEMENT_3D('',#4109,#4110,#4111);
#4109 = CARTESIAN_POINT('',(83.88,-110.92,1.51));
#4110 = DIRECTION('',(-0.,0.,-1.));
#4111 = DIRECTION('',(-0.,-1.,0.));
#4112 = FACE_BOUND('',#4113,.T.);
#4113 = EDGE_LOOP('',(#4114));
#4114 = ORIENTED_EDGE('',*,*,#4115,.T.);
#4115 = EDGE_CURVE('',#4116,#4116,#4118,.T.);
#4116 = VERTEX_POINT('',#4117);
#4117 = CARTESIAN_POINT('',(99.12,-113.968,1.51));
#4118 = CIRCLE('',#4119,0.508);
#4119 = AXIS2_PLACEMENT_3D('',#4120,#4121,#4122);
#4120 = CARTESIAN_POINT('',(99.12,-113.46,1.51));
#4121 = DIRECTION('',(-0.,0.,-1.));
#4122 = DIRECTION('',(-0.,-1.,0.));
#4123 = FACE_BOUND('',#4124,.T.);
#4124 = EDGE_LOOP('',(#4125));
#4125 = ORIENTED_EDGE('',*,*,#4126,.T.);
#4126 = EDGE_CURVE('',#4127,#4127,#4129,.T.);
#4127 = VERTEX_POINT('',#4128);
#4128 = CARTESIAN_POINT('',(99.12,-111.428,1.51));
#4129 = CIRCLE('',#4130,0.508);
#4130 = AXIS2_PLACEMENT_3D('',#4131,#4132,#4133);
#4131 = CARTESIAN_POINT('',(99.12,-110.92,1.51));
#4132 = DIRECTION('',(-0.,0.,-1.));
#4133 = DIRECTION('',(-0.,-1.,0.));
#4134 = FACE_BOUND('',#4135,.T.);
#4135 = EDGE_LOOP('',(#4136));
#4136 = ORIENTED_EDGE('',*,*,#4137,.T.);
#4137 = EDGE_CURVE('',#4138,#4138,#4140,.T.);
#4138 = VERTEX_POINT('',#4139);
#4139 = CARTESIAN_POINT('',(83.88,-108.888,1.51));
#4140 = CIRCLE('',#4141,0.508);
#4141 = AXIS2_PLACEMENT_3D('',#4142,#4143,#4144);
#4142 = CARTESIAN_POINT('',(83.88,-108.38,1.51));
#4143 = DIRECTION('',(-0.,0.,-1.));
#4144 = DIRECTION('',(-0.,-1.,0.));
#4145 = FACE_BOUND('',#4146,.T.);
#4146 = EDGE_LOOP('',(#4147));
#4147 = ORIENTED_EDGE('',*,*,#4148,.T.);
#4148 = EDGE_CURVE('',#4149,#4149,#4151,.T.);
#4149 = VERTEX_POINT('',#4150);
#4150 = CARTESIAN_POINT('',(99.12,-108.888,1.51));
#4151 = CIRCLE('',#4152,0.508);
#4152 = AXIS2_PLACEMENT_3D('',#4153,#4154,#4155);
#4153 = CARTESIAN_POINT('',(99.12,-108.38,1.51));
#4154 = DIRECTION('',(-0.,0.,-1.));
#4155 = DIRECTION('',(-0.,-1.,0.));
#4156 = FACE_BOUND('',#4157,.T.);
#4157 = EDGE_LOOP('',(#4158));
#4158 = ORIENTED_EDGE('',*,*,#4159,.T.);
#4159 = EDGE_CURVE('',#4160,#4160,#4162,.T.);
#4160 = VERTEX_POINT('',#4161);
#4161 = CARTESIAN_POINT('',(88.96,-98.728,1.51));
#4162 = CIRCLE('',#4163,0.508);
#4163 = AXIS2_PLACEMENT_3D('',#4164,#4165,#4166);
#4164 = CARTESIAN_POINT('',(88.96,-98.22,1.51));
#4165 = DIRECTION('',(-0.,0.,-1.));
#4166 = DIRECTION('',(-2.797412345512E-14,-1.,0.));
#4167 = FACE_BOUND('',#4168,.T.);
#4168 = EDGE_LOOP('',(#4169));
#4169 = ORIENTED_EDGE('',*,*,#4170,.T.);
#4170 = EDGE_CURVE('',#4171,#4171,#4173,.T.);
#4171 = VERTEX_POINT('',#4172);
#4172 = CARTESIAN_POINT('',(94.04,-98.728,1.51));
#4173 = CIRCLE('',#4174,0.508);
#4174 = AXIS2_PLACEMENT_3D('',#4175,#4176,#4177);
#4175 = CARTESIAN_POINT('',(94.04,-98.22,1.51));
#4176 = DIRECTION('',(-0.,0.,-1.));
#4177 = DIRECTION('',(2.797412345512E-14,-1.,-0.));
#4178 = FACE_BOUND('',#4179,.T.);
#4179 = EDGE_LOOP('',(#4180));
#4180 = ORIENTED_EDGE('',*,*,#4181,.T.);
#4181 = EDGE_CURVE('',#4182,#4182,#4184,.T.);
#4182 = VERTEX_POINT('',#4183);
#4183 = CARTESIAN_POINT('',(120.07,-112.615,1.51));
#4184 = CIRCLE('',#4185,0.425);
#4185 = AXIS2_PLACEMENT_3D('',#4186,#4187,#4188);
#4186 = CARTESIAN_POINT('',(120.07,-112.19,1.51));
#4187 = DIRECTION('',(-0.,0.,-1.));
#4188 = DIRECTION('',(-0.,-1.,0.));
#4189 = FACE_BOUND('',#4190,.T.);
#4190 = EDGE_LOOP('',(#4191));
#4191 = ORIENTED_EDGE('',*,*,#4192,.T.);
#4192 = EDGE_CURVE('',#4193,#4193,#4195,.T.);
#4193 = VERTEX_POINT('',#4194);
#4194 = CARTESIAN_POINT('',(142.93,-112.615,1.51));
#4195 = CIRCLE('',#4196,0.425);
#4196 = AXIS2_PLACEMENT_3D('',#4197,#4198,#4199);
#4197 = CARTESIAN_POINT('',(142.93,-112.19,1.51));
#4198 = DIRECTION('',(-0.,0.,-1.));
#4199 = DIRECTION('',(-0.,-1.,0.));
#4200 = FACE_BOUND('',#4201,.T.);
#4201 = EDGE_LOOP('',(#4202));
#4202 = ORIENTED_EDGE('',*,*,#4203,.F.);
#4203 = EDGE_CURVE('',#4204,#4204,#4206,.T.);
#4204 = VERTEX_POINT('',#4205);
#4205 = CARTESIAN_POINT('',(133.45,-106.,1.51));
#4206 = CIRCLE('',#4207,1.95);
#4207 = AXIS2_PLACEMENT_3D('',#4208,#4209,#4210);
#4208 = CARTESIAN_POINT('',(131.5,-106.,1.51));
#4209 = DIRECTION('',(0.,0.,1.));
#4210 = DIRECTION('',(1.,0.,-0.));
#4211 = FACE_BOUND('',#4212,.T.);
#4212 = EDGE_LOOP('',(#4213));
#4213 = ORIENTED_EDGE('',*,*,#4214,.T.);
#4214 = EDGE_CURVE('',#4215,#4215,#4217,.T.);
#4215 = VERTEX_POINT('',#4216);
#4216 = CARTESIAN_POINT('',(109.,-97.75,1.51));
#4217 = CIRCLE('',#4218,0.25);
#4218 = AXIS2_PLACEMENT_3D('',#4219,#4220,#4221);
#4219 = CARTESIAN_POINT('',(109.,-97.5,1.51));
#4220 = DIRECTION('',(-0.,0.,-1.));
#4221 = DIRECTION('',(-0.,-1.,0.));
#4222 = FACE_BOUND('',#4223,.T.);
#4223 = EDGE_LOOP('',(#4224));
#4224 = ORIENTED_EDGE('',*,*,#4225,.T.);
#4225 = EDGE_CURVE('',#4226,#4226,#4228,.T.);
#4226 = VERTEX_POINT('',#4227);
#4227 = CARTESIAN_POINT('',(109.,-96.75,1.51));
#4228 = CIRCLE('',#4229,0.25);
#4229 = AXIS2_PLACEMENT_3D('',#4230,#4231,#4232);
#4230 = CARTESIAN_POINT('',(109.,-96.5,1.51));
#4231 = DIRECTION('',(-0.,0.,-1.));
#4232 = DIRECTION('',(-0.,-1.,0.));
#4233 = PLANE('',#4234);
#4234 = AXIS2_PLACEMENT_3D('',#4235,#4236,#4237);
#4235 = CARTESIAN_POINT('',(0.,0.,1.51));
#4236 = DIRECTION('',(0.,0.,1.));
#4237 = DIRECTION('',(1.,0.,-0.));
#4238 = ADVANCED_FACE('',(#4239),#4250,.T.);
#4239 = FACE_BOUND('',#4240,.T.);
#4240 = EDGE_LOOP('',(#4241,#4247,#4248,#4249));
#4241 = ORIENTED_EDGE('',*,*,#4242,.T.);
#4242 = EDGE_CURVE('',#3471,#3858,#4243,.T.);
#4243 = LINE('',#4244,#4245);
#4244 = CARTESIAN_POINT('',(55.5,-40.,0.));
#4245 = VECTOR('',#4246,1.);
#4246 = DIRECTION('',(0.,0.,1.));
#4247 = ORIENTED_EDGE('',*,*,#3857,.T.);
#4248 = ORIENTED_EDGE('',*,*,#3406,.F.);
#4249 = ORIENTED_EDGE('',*,*,#3470,.F.);
#4250 = PLANE('',#4251);
#4251 = AXIS2_PLACEMENT_3D('',#4252,#4253,#4254);
#4252 = CARTESIAN_POINT('',(55.5,-40.,0.));
#4253 = DIRECTION('',(0.,1.,0.));
#4254 = DIRECTION('',(1.,0.,0.));
#4255 = ADVANCED_FACE('',(#4256),#4267,.T.);
#4256 = FACE_BOUND('',#4257,.T.);
#4257 = EDGE_LOOP('',(#4258,#4259,#4260,#4266));
#4258 = ORIENTED_EDGE('',*,*,#3446,.T.);
#4259 = ORIENTED_EDGE('',*,*,#3897,.T.);
#4260 = ORIENTED_EDGE('',*,*,#4261,.F.);
#4261 = EDGE_CURVE('',#3503,#3890,#4262,.T.);
#4262 = LINE('',#4263,#4264);
#4263 = CARTESIAN_POINT('',(108.5,-134.5,0.));
#4264 = VECTOR('',#4265,1.);
#4265 = DIRECTION('',(0.,0.,1.));
#4266 = ORIENTED_EDGE('',*,*,#3510,.F.);
#4267 = PLANE('',#4268);
#4268 = AXIS2_PLACEMENT_3D('',#4269,#4270,#4271);
#4269 = CARTESIAN_POINT('',(145.,-134.5,0.));
#4270 = DIRECTION('',(0.,-1.,0.));
#4271 = DIRECTION('',(-1.,0.,0.));
#4272 = ADVANCED_FACE('',(#4273),#4284,.T.);
#4273 = FACE_BOUND('',#4274,.T.);
#4274 = EDGE_LOOP('',(#4275,#4281,#4282,#4283));
#4275 = ORIENTED_EDGE('',*,*,#4276,.T.);
#4276 = EDGE_CURVE('',#3479,#3866,#4277,.T.);
#4277 = LINE('',#4278,#4279);
#4278 = CARTESIAN_POINT('',(55.5,-46.,0.));
#4279 = VECTOR('',#4280,1.);
#4280 = DIRECTION('',(0.,0.,1.));
#4281 = ORIENTED_EDGE('',*,*,#3865,.T.);
#4282 = ORIENTED_EDGE('',*,*,#4242,.F.);
#4283 = ORIENTED_EDGE('',*,*,#3478,.F.);
#4284 = PLANE('',#4285);
#4285 = AXIS2_PLACEMENT_3D('',#4286,#4287,#4288);
#4286 = CARTESIAN_POINT('',(55.5,-46.,0.));
#4287 = DIRECTION('',(-1.,0.,0.));
#4288 = DIRECTION('',(0.,1.,0.));
#4289 = ADVANCED_FACE('',(#4290),#4301,.T.);
#4290 = FACE_BOUND('',#4291,.T.);
#4291 = EDGE_LOOP('',(#4292,#4293,#4294,#4300));
#4292 = ORIENTED_EDGE('',*,*,#4261,.T.);
#4293 = ORIENTED_EDGE('',*,*,#3889,.T.);
#4294 = ORIENTED_EDGE('',*,*,#4295,.F.);
#4295 = EDGE_CURVE('',#3495,#3882,#4296,.T.);
#4296 = LINE('',#4297,#4298);
#4297 = CARTESIAN_POINT('',(101.,-126.,0.));
#4298 = VECTOR('',#4299,1.);
#4299 = DIRECTION('',(0.,0.,1.));
#4300 = ORIENTED_EDGE('',*,*,#3502,.F.);
#4301 = PLANE('',#4302);
#4302 = AXIS2_PLACEMENT_3D('',#4303,#4304,#4305);
#4303 = CARTESIAN_POINT('',(108.5,-134.5,0.));
#4304 = DIRECTION('',(-0.749837855365,-0.661621637087,0.));
#4305 = DIRECTION('',(-0.661621637087,0.749837855365,0.));
#4306 = ADVANCED_FACE('',(#4307),#4318,.T.);
#4307 = FACE_BOUND('',#4308,.T.);
#4308 = EDGE_LOOP('',(#4309,#4315,#4316,#4317));
#4309 = ORIENTED_EDGE('',*,*,#4310,.T.);
#4310 = EDGE_CURVE('',#3487,#3874,#4311,.T.);
#4311 = LINE('',#4312,#4313);
#4312 = CARTESIAN_POINT('',(55.5,-126.,0.));
#4313 = VECTOR('',#4314,1.);
#4314 = DIRECTION('',(0.,0.,1.));
#4315 = ORIENTED_EDGE('',*,*,#3873,.T.);
#4316 = ORIENTED_EDGE('',*,*,#4276,.F.);
#4317 = ORIENTED_EDGE('',*,*,#3486,.F.);
#4318 = PLANE('',#4319);
#4319 = AXIS2_PLACEMENT_3D('',#4320,#4321,#4322);
#4320 = CARTESIAN_POINT('',(55.5,-126.,0.));
#4321 = DIRECTION('',(-1.,0.,0.));
#4322 = DIRECTION('',(0.,1.,0.));
#4323 = ADVANCED_FACE('',(#4324),#4330,.T.);
#4324 = FACE_BOUND('',#4325,.T.);
#4325 = EDGE_LOOP('',(#4326,#4327,#4328,#4329));
#4326 = ORIENTED_EDGE('',*,*,#4295,.T.);
#4327 = ORIENTED_EDGE('',*,*,#3881,.T.);
#4328 = ORIENTED_EDGE('',*,*,#4310,.F.);
#4329 = ORIENTED_EDGE('',*,*,#3494,.F.);
#4330 = PLANE('',#4331);
#4331 = AXIS2_PLACEMENT_3D('',#4332,#4333,#4334);
#4332 = CARTESIAN_POINT('',(101.,-126.,0.));
#4333 = DIRECTION('',(0.,-1.,0.));
#4334 = DIRECTION('',(-1.,0.,0.));
#4335 = ADVANCED_FACE('',(#4336),#4347,.F.);
#4336 = FACE_BOUND('',#4337,.T.);
#4337 = EDGE_LOOP('',(#4338,#4339,#4345,#4346));
#4338 = ORIENTED_EDGE('',*,*,#3519,.T.);
#4339 = ORIENTED_EDGE('',*,*,#4340,.T.);
#4340 = EDGE_CURVE('',#3520,#3907,#4341,.T.);
#4341 = LINE('',#4342,#4343);
#4342 = CARTESIAN_POINT('',(83.88,-124.128,-4.6E-02));
#4343 = VECTOR('',#4344,1.);
#4344 = DIRECTION('',(0.,0.,1.));
#4345 = ORIENTED_EDGE('',*,*,#3906,.F.);
#4346 = ORIENTED_EDGE('',*,*,#4340,.F.);
#4347 = CYLINDRICAL_SURFACE('',#4348,0.508);
#4348 = AXIS2_PLACEMENT_3D('',#4349,#4350,#4351);
#4349 = CARTESIAN_POINT('',(83.88,-123.62,-4.6E-02));
#4350 = DIRECTION('',(-0.,-0.,-1.));
#4351 = DIRECTION('',(-0.,-1.,0.));
#4352 = ADVANCED_FACE('',(#4353),#4364,.F.);
#4353 = FACE_BOUND('',#4354,.T.);
#4354 = EDGE_LOOP('',(#4355,#4356,#4362,#4363));
#4355 = ORIENTED_EDGE('',*,*,#3530,.T.);
#4356 = ORIENTED_EDGE('',*,*,#4357,.T.);
#4357 = EDGE_CURVE('',#3531,#3918,#4358,.T.);
#4358 = LINE('',#4359,#4360);
#4359 = CARTESIAN_POINT('',(83.88,-121.588,-4.6E-02));
#4360 = VECTOR('',#4361,1.);
#4361 = DIRECTION('',(0.,0.,1.));
#4362 = ORIENTED_EDGE('',*,*,#3917,.F.);
#4363 = ORIENTED_EDGE('',*,*,#4357,.F.);
#4364 = CYLINDRICAL_SURFACE('',#4365,0.508);
#4365 = AXIS2_PLACEMENT_3D('',#4366,#4367,#4368);
#4366 = CARTESIAN_POINT('',(83.88,-121.08,-4.6E-02));
#4367 = DIRECTION('',(-0.,-0.,-1.));
#4368 = DIRECTION('',(-0.,-1.,0.));
#4369 = ADVANCED_FACE('',(#4370),#4381,.F.);
#4370 = FACE_BOUND('',#4371,.T.);
#4371 = EDGE_LOOP('',(#4372,#4373,#4379,#4380));
#4372 = ORIENTED_EDGE('',*,*,#3541,.T.);
#4373 = ORIENTED_EDGE('',*,*,#4374,.T.);
#4374 = EDGE_CURVE('',#3542,#3929,#4375,.T.);
#4375 = LINE('',#4376,#4377);
#4376 = CARTESIAN_POINT('',(99.12,-124.128,-4.6E-02));
#4377 = VECTOR('',#4378,1.);
#4378 = DIRECTION('',(0.,0.,1.));
#4379 = ORIENTED_EDGE('',*,*,#3928,.F.);
#4380 = ORIENTED_EDGE('',*,*,#4374,.F.);
#4381 = CYLINDRICAL_SURFACE('',#4382,0.508);
#4382 = AXIS2_PLACEMENT_3D('',#4383,#4384,#4385);
#4383 = CARTESIAN_POINT('',(99.12,-123.62,-4.6E-02));
#4384 = DIRECTION('',(-0.,-0.,-1.));
#4385 = DIRECTION('',(-0.,-1.,0.));
#4386 = ADVANCED_FACE('',(#4387),#4398,.F.);
#4387 = FACE_BOUND('',#4388,.T.);
#4388 = EDGE_LOOP('',(#4389,#4390,#4396,#4397));
#4389 = ORIENTED_EDGE('',*,*,#3552,.T.);
#4390 = ORIENTED_EDGE('',*,*,#4391,.T.);
#4391 = EDGE_CURVE('',#3553,#3940,#4392,.T.);
#4392 = LINE('',#4393,#4394);
#4393 = CARTESIAN_POINT('',(99.12,-121.588,-4.6E-02));
#4394 = VECTOR('',#4395,1.);
#4395 = DIRECTION('',(0.,0.,1.));
#4396 = ORIENTED_EDGE('',*,*,#3939,.F.);
#4397 = ORIENTED_EDGE('',*,*,#4391,.F.);
#4398 = CYLINDRICAL_SURFACE('',#4399,0.508);
#4399 = AXIS2_PLACEMENT_3D('',#4400,#4401,#4402);
#4400 = CARTESIAN_POINT('',(99.12,-121.08,-4.6E-02));
#4401 = DIRECTION('',(-0.,-0.,-1.));
#4402 = DIRECTION('',(-0.,-1.,0.));
#4403 = ADVANCED_FACE('',(#4404),#4415,.F.);
#4404 = FACE_BOUND('',#4405,.T.);
#4405 = EDGE_LOOP('',(#4406,#4407,#4413,#4414));
#4406 = ORIENTED_EDGE('',*,*,#3563,.T.);
#4407 = ORIENTED_EDGE('',*,*,#4408,.T.);
#4408 = EDGE_CURVE('',#3564,#3951,#4409,.T.);
#4409 = LINE('',#4410,#4411);
#4410 = CARTESIAN_POINT('',(83.88,-119.048,-4.6E-02));
#4411 = VECTOR('',#4412,1.);
#4412 = DIRECTION('',(0.,0.,1.));
#4413 = ORIENTED_EDGE('',*,*,#3950,.F.);
#4414 = ORIENTED_EDGE('',*,*,#4408,.F.);
#4415 = CYLINDRICAL_SURFACE('',#4416,0.508);
#4416 = AXIS2_PLACEMENT_3D('',#4417,#4418,#4419);
#4417 = CARTESIAN_POINT('',(83.88,-118.54,-4.6E-02));
#4418 = DIRECTION('',(-0.,-0.,-1.));
#4419 = DIRECTION('',(-0.,-1.,0.));
#4420 = ADVANCED_FACE('',(#4421),#4432,.F.);
#4421 = FACE_BOUND('',#4422,.T.);
#4422 = EDGE_LOOP('',(#4423,#4424,#4430,#4431));
#4423 = ORIENTED_EDGE('',*,*,#3574,.T.);
#4424 = ORIENTED_EDGE('',*,*,#4425,.T.);
#4425 = EDGE_CURVE('',#3575,#3962,#4426,.T.);
#4426 = LINE('',#4427,#4428);
#4427 = CARTESIAN_POINT('',(83.88,-116.508,-4.6E-02));
#4428 = VECTOR('',#4429,1.);
#4429 = DIRECTION('',(0.,0.,1.));
#4430 = ORIENTED_EDGE('',*,*,#3961,.F.);
#4431 = ORIENTED_EDGE('',*,*,#4425,.F.);
#4432 = CYLINDRICAL_SURFACE('',#4433,0.508);
#4433 = AXIS2_PLACEMENT_3D('',#4434,#4435,#4436);
#4434 = CARTESIAN_POINT('',(83.88,-116.,-4.6E-02));
#4435 = DIRECTION('',(-0.,-0.,-1.));
#4436 = DIRECTION('',(-0.,-1.,0.));
#4437 = ADVANCED_FACE('',(#4438),#4449,.F.);
#4438 = FACE_BOUND('',#4439,.T.);
#4439 = EDGE_LOOP('',(#4440,#4441,#4447,#4448));
#4440 = ORIENTED_EDGE('',*,*,#3585,.T.);
#4441 = ORIENTED_EDGE('',*,*,#4442,.T.);
#4442 = EDGE_CURVE('',#3586,#3973,#4443,.T.);
#4443 = LINE('',#4444,#4445);
#4444 = CARTESIAN_POINT('',(99.12,-119.048,-4.6E-02));
#4445 = VECTOR('',#4446,1.);
#4446 = DIRECTION('',(0.,0.,1.));
#4447 = ORIENTED_EDGE('',*,*,#3972,.F.);
#4448 = ORIENTED_EDGE('',*,*,#4442,.F.);
#4449 = CYLINDRICAL_SURFACE('',#4450,0.508);
#4450 = AXIS2_PLACEMENT_3D('',#4451,#4452,#4453);
#4451 = CARTESIAN_POINT('',(99.12,-118.54,-4.6E-02));
#4452 = DIRECTION('',(-0.,-0.,-1.));
#4453 = DIRECTION('',(-0.,-1.,0.));
#4454 = ADVANCED_FACE('',(#4455),#4466,.F.);
#4455 = FACE_BOUND('',#4456,.T.);
#4456 = EDGE_LOOP('',(#4457,#4458,#4464,#4465));
#4457 = ORIENTED_EDGE('',*,*,#3596,.T.);
#4458 = ORIENTED_EDGE('',*,*,#4459,.T.);
#4459 = EDGE_CURVE('',#3597,#3984,#4460,.T.);
#4460 = LINE('',#4461,#4462);
#4461 = CARTESIAN_POINT('',(99.12,-116.508,-4.6E-02));
#4462 = VECTOR('',#4463,1.);
#4463 = DIRECTION('',(0.,0.,1.));
#4464 = ORIENTED_EDGE('',*,*,#3983,.F.);
#4465 = ORIENTED_EDGE('',*,*,#4459,.F.);
#4466 = CYLINDRICAL_SURFACE('',#4467,0.508);
#4467 = AXIS2_PLACEMENT_3D('',#4468,#4469,#4470);
#4468 = CARTESIAN_POINT('',(99.12,-116.,-4.6E-02));
#4469 = DIRECTION('',(-0.,-0.,-1.));
#4470 = DIRECTION('',(-0.,-1.,0.));
#4471 = ADVANCED_FACE('',(#4472),#4483,.F.);
#4472 = FACE_BOUND('',#4473,.T.);
#4473 = EDGE_LOOP('',(#4474,#4475,#4481,#4482));
#4474 = ORIENTED_EDGE('',*,*,#3607,.T.);
#4475 = ORIENTED_EDGE('',*,*,#4476,.T.);
#4476 = EDGE_CURVE('',#3608,#3995,#4477,.T.);
#4477 = LINE('',#4478,#4479);
#4478 = CARTESIAN_POINT('',(109.5,-133.75,-4.6E-02));
#4479 = VECTOR('',#4480,1.);
#4480 = DIRECTION('',(0.,0.,1.));
#4481 = ORIENTED_EDGE('',*,*,#3994,.F.);
#4482 = ORIENTED_EDGE('',*,*,#4476,.F.);
#4483 = CYLINDRICAL_SURFACE('',#4484,0.25);
#4484 = AXIS2_PLACEMENT_3D('',#4485,#4486,#4487);
#4485 = CARTESIAN_POINT('',(109.5,-133.5,-4.6E-02));
#4486 = DIRECTION('',(-0.,-0.,-1.));
#4487 = DIRECTION('',(-0.,-1.,0.));
#4488 = ADVANCED_FACE('',(#4489),#4500,.F.);
#4489 = FACE_BOUND('',#4490,.T.);
#4490 = EDGE_LOOP('',(#4491,#4492,#4498,#4499));
#4491 = ORIENTED_EDGE('',*,*,#3618,.T.);
#4492 = ORIENTED_EDGE('',*,*,#4493,.T.);
#4493 = EDGE_CURVE('',#3619,#4006,#4494,.T.);
#4494 = LINE('',#4495,#4496);
#4495 = CARTESIAN_POINT('',(110.5,-133.75,-4.6E-02));
#4496 = VECTOR('',#4497,1.);
#4497 = DIRECTION('',(0.,0.,1.));
#4498 = ORIENTED_EDGE('',*,*,#4005,.F.);
#4499 = ORIENTED_EDGE('',*,*,#4493,.F.);
#4500 = CYLINDRICAL_SURFACE('',#4501,0.25);
#4501 = AXIS2_PLACEMENT_3D('',#4502,#4503,#4504);
#4502 = CARTESIAN_POINT('',(110.5,-133.5,-4.6E-02));
#4503 = DIRECTION('',(-0.,-0.,-1.));
#4504 = DIRECTION('',(-0.,-1.,0.));
#4505 = ADVANCED_FACE('',(#4506),#4517,.F.);
#4506 = FACE_BOUND('',#4507,.T.);
#4507 = EDGE_LOOP('',(#4508,#4514,#4515,#4516));
#4508 = ORIENTED_EDGE('',*,*,#4509,.T.);
#4509 = EDGE_CURVE('',#3630,#4017,#4510,.T.);
#4510 = LINE('',#4511,#4512);
#4511 = CARTESIAN_POINT('',(123.8,-125.,0.));
#4512 = VECTOR('',#4513,1.);
#4513 = DIRECTION('',(0.,0.,1.));
#4514 = ORIENTED_EDGE('',*,*,#4016,.T.);
#4515 = ORIENTED_EDGE('',*,*,#4509,.F.);
#4516 = ORIENTED_EDGE('',*,*,#3629,.F.);
#4517 = CYLINDRICAL_SURFACE('',#4518,1.3);
#4518 = AXIS2_PLACEMENT_3D('',#4519,#4520,#4521);
#4519 = CARTESIAN_POINT('',(122.5,-125.,0.));
#4520 = DIRECTION('',(-0.,-0.,-1.));
#4521 = DIRECTION('',(1.,0.,-0.));
#4522 = ADVANCED_FACE('',(#4523),#4534,.F.);
#4523 = FACE_BOUND('',#4524,.T.);
#4524 = EDGE_LOOP('',(#4525,#4526,#4532,#4533));
#4525 = ORIENTED_EDGE('',*,*,#3640,.T.);
#4526 = ORIENTED_EDGE('',*,*,#4527,.T.);
#4527 = EDGE_CURVE('',#3641,#4028,#4528,.T.);
#4528 = LINE('',#4529,#4530);
#4529 = CARTESIAN_POINT('',(120.07,-120.235,-4.6E-02));
#4530 = VECTOR('',#4531,1.);
#4531 = DIRECTION('',(0.,0.,1.));
#4532 = ORIENTED_EDGE('',*,*,#4027,.F.);
#4533 = ORIENTED_EDGE('',*,*,#4527,.F.);
#4534 = CYLINDRICAL_SURFACE('',#4535,0.425);
#4535 = AXIS2_PLACEMENT_3D('',#4536,#4537,#4538);
#4536 = CARTESIAN_POINT('',(120.07,-119.81,-4.6E-02));
#4537 = DIRECTION('',(-0.,-0.,-1.));
#4538 = DIRECTION('',(-0.,-1.,0.));
#4539 = ADVANCED_FACE('',(#4540),#4551,.F.);
#4540 = FACE_BOUND('',#4541,.T.);
#4541 = EDGE_LOOP('',(#4542,#4548,#4549,#4550));
#4542 = ORIENTED_EDGE('',*,*,#4543,.T.);
#4543 = EDGE_CURVE('',#3652,#4039,#4544,.T.);
#4544 = LINE('',#4545,#4546);
#4545 = CARTESIAN_POINT('',(118.95,-116.,0.));
#4546 = VECTOR('',#4547,1.);
#4547 = DIRECTION('',(0.,0.,1.));
#4548 = ORIENTED_EDGE('',*,*,#4038,.T.);
#4549 = ORIENTED_EDGE('',*,*,#4543,.F.);
#4550 = ORIENTED_EDGE('',*,*,#3651,.F.);
#4551 = CYLINDRICAL_SURFACE('',#4552,0.95);
#4552 = AXIS2_PLACEMENT_3D('',#4553,#4554,#4555);
#4553 = CARTESIAN_POINT('',(118.,-116.,0.));
#4554 = DIRECTION('',(-0.,-0.,-1.));
#4555 = DIRECTION('',(1.,0.,-0.));
#4556 = ADVANCED_FACE('',(#4557),#4568,.F.);
#4557 = FACE_BOUND('',#4558,.T.);
#4558 = EDGE_LOOP('',(#4559,#4560,#4566,#4567));
#4559 = ORIENTED_EDGE('',*,*,#3662,.T.);
#4560 = ORIENTED_EDGE('',*,*,#4561,.T.);
#4561 = EDGE_CURVE('',#3663,#4050,#4562,.T.);
#4562 = LINE('',#4563,#4564);
#4563 = CARTESIAN_POINT('',(142.93,-120.235,-4.6E-02));
#4564 = VECTOR('',#4565,1.);
#4565 = DIRECTION('',(0.,0.,1.));
#4566 = ORIENTED_EDGE('',*,*,#4049,.F.);
#4567 = ORIENTED_EDGE('',*,*,#4561,.F.);
#4568 = CYLINDRICAL_SURFACE('',#4569,0.425);
#4569 = AXIS2_PLACEMENT_3D('',#4570,#4571,#4572);
#4570 = CARTESIAN_POINT('',(142.93,-119.81,-4.6E-02));
#4571 = DIRECTION('',(-0.,-0.,-1.));
#4572 = DIRECTION('',(-0.,-1.,0.));
#4573 = ADVANCED_FACE('',(#4574),#4585,.F.);
#4574 = FACE_BOUND('',#4575,.T.);
#4575 = EDGE_LOOP('',(#4576,#4582,#4583,#4584));
#4576 = ORIENTED_EDGE('',*,*,#4577,.T.);
#4577 = EDGE_CURVE('',#3674,#4061,#4578,.T.);
#4578 = LINE('',#4579,#4580);
#4579 = CARTESIAN_POINT('',(145.95,-116.,0.));
#4580 = VECTOR('',#4581,1.);
#4581 = DIRECTION('',(0.,0.,1.));
#4582 = ORIENTED_EDGE('',*,*,#4060,.T.);
#4583 = ORIENTED_EDGE('',*,*,#4577,.F.);
#4584 = ORIENTED_EDGE('',*,*,#3673,.F.);
#4585 = CYLINDRICAL_SURFACE('',#4586,0.95);
#4586 = AXIS2_PLACEMENT_3D('',#4587,#4588,#4589);
#4587 = CARTESIAN_POINT('',(145.,-116.,0.));
#4588 = DIRECTION('',(-0.,-0.,-1.));
#4589 = DIRECTION('',(1.,0.,-0.));
#4590 = ADVANCED_FACE('',(#4591),#4602,.F.);
#4591 = FACE_BOUND('',#4592,.T.);
#4592 = EDGE_LOOP('',(#4593,#4594,#4600,#4601));
#4593 = ORIENTED_EDGE('',*,*,#3684,.T.);
#4594 = ORIENTED_EDGE('',*,*,#4595,.T.);
#4595 = EDGE_CURVE('',#3685,#4072,#4596,.T.);
#4596 = LINE('',#4597,#4598);
#4597 = CARTESIAN_POINT('',(57.,-111.75,-4.6E-02));
#4598 = VECTOR('',#4599,1.);
#4599 = DIRECTION('',(0.,0.,1.));
#4600 = ORIENTED_EDGE('',*,*,#4071,.F.);
#4601 = ORIENTED_EDGE('',*,*,#4595,.F.);
#4602 = CYLINDRICAL_SURFACE('',#4603,0.25);
#4603 = AXIS2_PLACEMENT_3D('',#4604,#4605,#4606);
#4604 = CARTESIAN_POINT('',(57.,-111.5,-4.6E-02));
#4605 = DIRECTION('',(-0.,-0.,-1.));
#4606 = DIRECTION('',(-0.,-1.,0.));
#4607 = ADVANCED_FACE('',(#4608),#4619,.F.);
#4608 = FACE_BOUND('',#4609,.T.);
#4609 = EDGE_LOOP('',(#4610,#4611,#4617,#4618));
#4610 = ORIENTED_EDGE('',*,*,#3695,.T.);
#4611 = ORIENTED_EDGE('',*,*,#4612,.T.);
#4612 = EDGE_CURVE('',#3696,#4083,#4613,.T.);
#4613 = LINE('',#4614,#4615);
#4614 = CARTESIAN_POINT('',(57.,-110.75,-4.6E-02));
#4615 = VECTOR('',#4616,1.);
#4616 = DIRECTION('',(0.,0.,1.));
#4617 = ORIENTED_EDGE('',*,*,#4082,.F.);
#4618 = ORIENTED_EDGE('',*,*,#4612,.F.);
#4619 = CYLINDRICAL_SURFACE('',#4620,0.25);
#4620 = AXIS2_PLACEMENT_3D('',#4621,#4622,#4623);
#4621 = CARTESIAN_POINT('',(57.,-110.5,-4.6E-02));
#4622 = DIRECTION('',(-0.,-0.,-1.));
#4623 = DIRECTION('',(-0.,-1.,0.));
#4624 = ADVANCED_FACE('',(#4625),#4636,.F.);
#4625 = FACE_BOUND('',#4626,.T.);
#4626 = EDGE_LOOP('',(#4627,#4628,#4634,#4635));
#4627 = ORIENTED_EDGE('',*,*,#3706,.T.);
#4628 = ORIENTED_EDGE('',*,*,#4629,.T.);
#4629 = EDGE_CURVE('',#3707,#4094,#4630,.T.);
#4630 = LINE('',#4631,#4632);
#4631 = CARTESIAN_POINT('',(83.88,-113.968,-4.6E-02));
#4632 = VECTOR('',#4633,1.);
#4633 = DIRECTION('',(0.,0.,1.));
#4634 = ORIENTED_EDGE('',*,*,#4093,.F.);
#4635 = ORIENTED_EDGE('',*,*,#4629,.F.);
#4636 = CYLINDRICAL_SURFACE('',#4637,0.508);
#4637 = AXIS2_PLACEMENT_3D('',#4638,#4639,#4640);
#4638 = CARTESIAN_POINT('',(83.88,-113.46,-4.6E-02));
#4639 = DIRECTION('',(-0.,-0.,-1.));
#4640 = DIRECTION('',(-0.,-1.,0.));
#4641 = ADVANCED_FACE('',(#4642),#4653,.F.);
#4642 = FACE_BOUND('',#4643,.T.);
#4643 = EDGE_LOOP('',(#4644,#4645,#4651,#4652));
#4644 = ORIENTED_EDGE('',*,*,#3717,.T.);
#4645 = ORIENTED_EDGE('',*,*,#4646,.T.);
#4646 = EDGE_CURVE('',#3718,#4105,#4647,.T.);
#4647 = LINE('',#4648,#4649);
#4648 = CARTESIAN_POINT('',(83.88,-111.428,-4.6E-02));
#4649 = VECTOR('',#4650,1.);
#4650 = DIRECTION('',(0.,0.,1.));
#4651 = ORIENTED_EDGE('',*,*,#4104,.F.);
#4652 = ORIENTED_EDGE('',*,*,#4646,.F.);
#4653 = CYLINDRICAL_SURFACE('',#4654,0.508);
#4654 = AXIS2_PLACEMENT_3D('',#4655,#4656,#4657);
#4655 = CARTESIAN_POINT('',(83.88,-110.92,-4.6E-02));
#4656 = DIRECTION('',(-0.,-0.,-1.));
#4657 = DIRECTION('',(-0.,-1.,0.));
#4658 = ADVANCED_FACE('',(#4659),#4670,.F.);
#4659 = FACE_BOUND('',#4660,.T.);
#4660 = EDGE_LOOP('',(#4661,#4662,#4668,#4669));
#4661 = ORIENTED_EDGE('',*,*,#3728,.T.);
#4662 = ORIENTED_EDGE('',*,*,#4663,.T.);
#4663 = EDGE_CURVE('',#3729,#4116,#4664,.T.);
#4664 = LINE('',#4665,#4666);
#4665 = CARTESIAN_POINT('',(99.12,-113.968,-4.6E-02));
#4666 = VECTOR('',#4667,1.);
#4667 = DIRECTION('',(0.,0.,1.));
#4668 = ORIENTED_EDGE('',*,*,#4115,.F.);
#4669 = ORIENTED_EDGE('',*,*,#4663,.F.);
#4670 = CYLINDRICAL_SURFACE('',#4671,0.508);
#4671 = AXIS2_PLACEMENT_3D('',#4672,#4673,#4674);
#4672 = CARTESIAN_POINT('',(99.12,-113.46,-4.6E-02));
#4673 = DIRECTION('',(-0.,-0.,-1.));
#4674 = DIRECTION('',(-0.,-1.,0.));
#4675 = ADVANCED_FACE('',(#4676),#4687,.F.);
#4676 = FACE_BOUND('',#4677,.T.);
#4677 = EDGE_LOOP('',(#4678,#4679,#4685,#4686));
#4678 = ORIENTED_EDGE('',*,*,#3739,.T.);
#4679 = ORIENTED_EDGE('',*,*,#4680,.T.);
#4680 = EDGE_CURVE('',#3740,#4127,#4681,.T.);
#4681 = LINE('',#4682,#4683);
#4682 = CARTESIAN_POINT('',(99.12,-111.428,-4.6E-02));
#4683 = VECTOR('',#4684,1.);
#4684 = DIRECTION('',(0.,0.,1.));
#4685 = ORIENTED_EDGE('',*,*,#4126,.F.);
#4686 = ORIENTED_EDGE('',*,*,#4680,.F.);
#4687 = CYLINDRICAL_SURFACE('',#4688,0.508);
#4688 = AXIS2_PLACEMENT_3D('',#4689,#4690,#4691);
#4689 = CARTESIAN_POINT('',(99.12,-110.92,-4.6E-02));
#4690 = DIRECTION('',(-0.,-0.,-1.));
#4691 = DIRECTION('',(-0.,-1.,0.));
#4692 = ADVANCED_FACE('',(#4693),#4704,.F.);
#4693 = FACE_BOUND('',#4694,.T.);
#4694 = EDGE_LOOP('',(#4695,#4696,#4702,#4703));
#4695 = ORIENTED_EDGE('',*,*,#3750,.T.);
#4696 = ORIENTED_EDGE('',*,*,#4697,.T.);
#4697 = EDGE_CURVE('',#3751,#4138,#4698,.T.);
#4698 = LINE('',#4699,#4700);
#4699 = CARTESIAN_POINT('',(83.88,-108.888,-4.6E-02));
#4700 = VECTOR('',#4701,1.);
#4701 = DIRECTION('',(0.,0.,1.));
#4702 = ORIENTED_EDGE('',*,*,#4137,.F.);
#4703 = ORIENTED_EDGE('',*,*,#4697,.F.);
#4704 = CYLINDRICAL_SURFACE('',#4705,0.508);
#4705 = AXIS2_PLACEMENT_3D('',#4706,#4707,#4708);
#4706 = CARTESIAN_POINT('',(83.88,-108.38,-4.6E-02));
#4707 = DIRECTION('',(-0.,-0.,-1.));
#4708 = DIRECTION('',(-0.,-1.,0.));
#4709 = ADVANCED_FACE('',(#4710),#4721,.F.);
#4710 = FACE_BOUND('',#4711,.T.);
#4711 = EDGE_LOOP('',(#4712,#4713,#4719,#4720));
#4712 = ORIENTED_EDGE('',*,*,#3761,.T.);
#4713 = ORIENTED_EDGE('',*,*,#4714,.T.);
#4714 = EDGE_CURVE('',#3762,#4149,#4715,.T.);
#4715 = LINE('',#4716,#4717);
#4716 = CARTESIAN_POINT('',(99.12,-108.888,-4.6E-02));
#4717 = VECTOR('',#4718,1.);
#4718 = DIRECTION('',(0.,0.,1.));
#4719 = ORIENTED_EDGE('',*,*,#4148,.F.);
#4720 = ORIENTED_EDGE('',*,*,#4714,.F.);
#4721 = CYLINDRICAL_SURFACE('',#4722,0.508);
#4722 = AXIS2_PLACEMENT_3D('',#4723,#4724,#4725);
#4723 = CARTESIAN_POINT('',(99.12,-108.38,-4.6E-02));
#4724 = DIRECTION('',(-0.,-0.,-1.));
#4725 = DIRECTION('',(-0.,-1.,0.));
#4726 = ADVANCED_FACE('',(#4727),#4738,.F.);
#4727 = FACE_BOUND('',#4728,.T.);
#4728 = EDGE_LOOP('',(#4729,#4730,#4736,#4737));
#4729 = ORIENTED_EDGE('',*,*,#3772,.T.);
#4730 = ORIENTED_EDGE('',*,*,#4731,.T.);
#4731 = EDGE_CURVE('',#3773,#4160,#4732,.T.);
#4732 = LINE('',#4733,#4734);
#4733 = CARTESIAN_POINT('',(88.96,-98.728,-4.6E-02));
#4734 = VECTOR('',#4735,1.);
#4735 = DIRECTION('',(0.,0.,1.));
#4736 = ORIENTED_EDGE('',*,*,#4159,.F.);
#4737 = ORIENTED_EDGE('',*,*,#4731,.F.);
#4738 = CYLINDRICAL_SURFACE('',#4739,0.508);
#4739 = AXIS2_PLACEMENT_3D('',#4740,#4741,#4742);
#4740 = CARTESIAN_POINT('',(88.96,-98.22,-4.6E-02));
#4741 = DIRECTION('',(-0.,-0.,-1.));
#4742 = DIRECTION('',(-2.797412345512E-14,-1.,0.));
#4743 = ADVANCED_FACE('',(#4744),#4755,.F.);
#4744 = FACE_BOUND('',#4745,.T.);
#4745 = EDGE_LOOP('',(#4746,#4747,#4753,#4754));
#4746 = ORIENTED_EDGE('',*,*,#3783,.T.);
#4747 = ORIENTED_EDGE('',*,*,#4748,.T.);
#4748 = EDGE_CURVE('',#3784,#4171,#4749,.T.);
#4749 = LINE('',#4750,#4751);
#4750 = CARTESIAN_POINT('',(94.04,-98.728,-4.6E-02));
#4751 = VECTOR('',#4752,1.);
#4752 = DIRECTION('',(0.,0.,1.));
#4753 = ORIENTED_EDGE('',*,*,#4170,.F.);
#4754 = ORIENTED_EDGE('',*,*,#4748,.F.);
#4755 = CYLINDRICAL_SURFACE('',#4756,0.508);
#4756 = AXIS2_PLACEMENT_3D('',#4757,#4758,#4759);
#4757 = CARTESIAN_POINT('',(94.04,-98.22,-4.6E-02));
#4758 = DIRECTION('',(-0.,0.,-1.));
#4759 = DIRECTION('',(2.797412345512E-14,-1.,-0.));
#4760 = ADVANCED_FACE('',(#4761),#4772,.F.);
#4761 = FACE_BOUND('',#4762,.T.);
#4762 = EDGE_LOOP('',(#4763,#4764,#4770,#4771));
#4763 = ORIENTED_EDGE('',*,*,#3794,.T.);
#4764 = ORIENTED_EDGE('',*,*,#4765,.T.);
#4765 = EDGE_CURVE('',#3795,#4182,#4766,.T.);
#4766 = LINE('',#4767,#4768);
#4767 = CARTESIAN_POINT('',(120.07,-112.615,-4.6E-02));
#4768 = VECTOR('',#4769,1.);
#4769 = DIRECTION('',(0.,0.,1.));
#4770 = ORIENTED_EDGE('',*,*,#4181,.F.);
#4771 = ORIENTED_EDGE('',*,*,#4765,.F.);
#4772 = CYLINDRICAL_SURFACE('',#4773,0.425);
#4773 = AXIS2_PLACEMENT_3D('',#4774,#4775,#4776);
#4774 = CARTESIAN_POINT('',(120.07,-112.19,-4.6E-02));
#4775 = DIRECTION('',(-0.,-0.,-1.));
#4776 = DIRECTION('',(-0.,-1.,0.));
#4777 = ADVANCED_FACE('',(#4778),#4789,.F.);
#4778 = FACE_BOUND('',#4779,.T.);
#4779 = EDGE_LOOP('',(#4780,#4781,#4787,#4788));
#4780 = ORIENTED_EDGE('',*,*,#3805,.T.);
#4781 = ORIENTED_EDGE('',*,*,#4782,.T.);
#4782 = EDGE_CURVE('',#3806,#4193,#4783,.T.);
#4783 = LINE('',#4784,#4785);
#4784 = CARTESIAN_POINT('',(142.93,-112.615,-4.6E-02));
#4785 = VECTOR('',#4786,1.);
#4786 = DIRECTION('',(0.,0.,1.));
#4787 = ORIENTED_EDGE('',*,*,#4192,.F.);
#4788 = ORIENTED_EDGE('',*,*,#4782,.F.);
#4789 = CYLINDRICAL_SURFACE('',#4790,0.425);
#4790 = AXIS2_PLACEMENT_3D('',#4791,#4792,#4793);
#4791 = CARTESIAN_POINT('',(142.93,-112.19,-4.6E-02));
#4792 = DIRECTION('',(-0.,-0.,-1.));
#4793 = DIRECTION('',(-0.,-1.,0.));
#4794 = ADVANCED_FACE('',(#4795),#4806,.F.);
#4795 = FACE_BOUND('',#4796,.T.);
#4796 = EDGE_LOOP('',(#4797,#4803,#4804,#4805));
#4797 = ORIENTED_EDGE('',*,*,#4798,.T.);
#4798 = EDGE_CURVE('',#3817,#4204,#4799,.T.);
#4799 = LINE('',#4800,#4801);
#4800 = CARTESIAN_POINT('',(133.45,-106.,0.));
#4801 = VECTOR('',#4802,1.);
#4802 = DIRECTION('',(0.,0.,1.));
#4803 = ORIENTED_EDGE('',*,*,#4203,.T.);
#4804 = ORIENTED_EDGE('',*,*,#4798,.F.);
#4805 = ORIENTED_EDGE('',*,*,#3816,.F.);
#4806 = CYLINDRICAL_SURFACE('',#4807,1.95);
#4807 = AXIS2_PLACEMENT_3D('',#4808,#4809,#4810);
#4808 = CARTESIAN_POINT('',(131.5,-106.,0.));
#4809 = DIRECTION('',(-0.,-0.,-1.));
#4810 = DIRECTION('',(1.,0.,-0.));
#4811 = ADVANCED_FACE('',(#4812),#4823,.F.);
#4812 = FACE_BOUND('',#4813,.T.);
#4813 = EDGE_LOOP('',(#4814,#4815,#4821,#4822));
#4814 = ORIENTED_EDGE('',*,*,#3827,.T.);
#4815 = ORIENTED_EDGE('',*,*,#4816,.T.);
#4816 = EDGE_CURVE('',#3828,#4215,#4817,.T.);
#4817 = LINE('',#4818,#4819);
#4818 = CARTESIAN_POINT('',(109.,-97.75,-4.6E-02));
#4819 = VECTOR('',#4820,1.);
#4820 = DIRECTION('',(0.,0.,1.));
#4821 = ORIENTED_EDGE('',*,*,#4214,.F.);
#4822 = ORIENTED_EDGE('',*,*,#4816,.F.);
#4823 = CYLINDRICAL_SURFACE('',#4824,0.25);
#4824 = AXIS2_PLACEMENT_3D('',#4825,#4826,#4827);
#4825 = CARTESIAN_POINT('',(109.,-97.5,-4.6E-02));
#4826 = DIRECTION('',(-0.,-0.,-1.));
#4827 = DIRECTION('',(-0.,-1.,0.));
#4828 = ADVANCED_FACE('',(#4829),#4840,.F.);
#4829 = FACE_BOUND('',#4830,.T.);
#4830 = EDGE_LOOP('',(#4831,#4832,#4838,#4839));
#4831 = ORIENTED_EDGE('',*,*,#3838,.T.);
#4832 = ORIENTED_EDGE('',*,*,#4833,.T.);
#4833 = EDGE_CURVE('',#3839,#4226,#4834,.T.);
#4834 = LINE('',#4835,#4836);
#4835 = CARTESIAN_POINT('',(109.,-96.75,-4.6E-02));
#4836 = VECTOR('',#4837,1.);
#4837 = DIRECTION('',(0.,0.,1.));
#4838 = ORIENTED_EDGE('',*,*,#4225,.F.);
#4839 = ORIENTED_EDGE('',*,*,#4833,.F.);
#4840 = CYLINDRICAL_SURFACE('',#4841,0.25);
#4841 = AXIS2_PLACEMENT_3D('',#4842,#4843,#4844);
#4842 = CARTESIAN_POINT('',(109.,-96.5,-4.6E-02));
#4843 = DIRECTION('',(-0.,-0.,-1.));
#4844 = DIRECTION('',(-0.,-1.,0.));
#4845 = ( GEOMETRIC_REPRESENTATION_CONTEXT(3) 
GLOBAL_UNCERTAINTY_ASSIGNED_CONTEXT((#4849)) 
GLOBAL_UNIT_ASSIGNED_CONTEXT((#4846,#4847,#4848)) REPRESENTATION_CONTEXT
('Context #1','3D Context with UNIT and UNCERTAINTY') );
#4846 = ( LENGTH_UNIT() NAMED_UNIT(*) SI_UNIT(.MILLI.,.METRE.) );
#4847 = ( NAMED_UNIT(*) PLANE_ANGLE_UNIT() SI_UNIT($,.RADIAN.) );
#4848 = ( NAMED_UNIT(*) SI_UNIT($,.STERADIAN.) SOLID_ANGLE_UNIT() );
#4849 = UNCERTAINTY_MEASURE_WITH_UNIT(LENGTH_MEASURE(1.E-07),#4846,
  'distance_accuracy_value','confusion accuracy');
#4850 = CONTEXT_DEPENDENT_SHAPE_REPRESENTATION(#4851,#4853);
#4851 = ( REPRESENTATION_RELATIONSHIP('','',#3359,#10) 
REPRESENTATION_RELATIONSHIP_WITH_TRANSFORMATION(#4852) 
SHAPE_REPRESENTATION_RELATIONSHIP() );
#4852 = ITEM_DEFINED_TRANSFORMATION('','',#11,#27);
#4853 = PRODUCT_DEFINITION_SHAPE('Placement','Placement of an item',
  #4854);
#4854 = NEXT_ASSEMBLY_USAGE_OCCURRENCE('4','=>[0:1:1:4]','',#5,#3354,$);
#4855 = PRODUCT_RELATED_PRODUCT_CATEGORY('part',$,(#3356));
#4856 = MECHANICAL_DESIGN_GEOMETRIC_PRESENTATION_REPRESENTATION('',(
    #4857,#4865,#4872,#4879,#4886,#4893,#4900,#4907,#4914,#4921,#4928,
    #4935,#4942,#4949,#4956,#4963,#4970,#4978,#4985,#4992,#4999,#5006,
    #5013,#5020,#5027,#5034,#5041,#5048,#5055,#5062,#5069,#5076,#5083,
    #5090,#5097,#5104,#5111,#5118,#5125,#5132,#5139,#5146,#5153,#5160,
    #5167,#5174,#5181,#5188,#5195,#5202,#5209,#5216),#1477);
#4857 = STYLED_ITEM('color',(#4858),#47);
#4858 = PRESENTATION_STYLE_ASSIGNMENT((#4859));
#4859 = SURFACE_STYLE_USAGE(.BOTH.,#4860);
#4860 = SURFACE_SIDE_STYLE('',(#4861));
#4861 = SURFACE_STYLE_FILL_AREA(#4862);
#4862 = FILL_AREA_STYLE('',(#4863));
#4863 = FILL_AREA_STYLE_COLOUR('',#4864);
#4864 = COLOUR_RGB('',0.147999998088,0.144999993226,0.144999993226);
#4865 = STYLED_ITEM('color',(#4866),#87);
#4866 = PRESENTATION_STYLE_ASSIGNMENT((#4867));
#4867 = SURFACE_STYLE_USAGE(.BOTH.,#4868);
#4868 = SURFACE_SIDE_STYLE('',(#4869));
#4869 = SURFACE_STYLE_FILL_AREA(#4870);
#4870 = FILL_AREA_STYLE('',(#4871));
#4871 = FILL_AREA_STYLE_COLOUR('',#4864);
#4872 = STYLED_ITEM('color',(#4873),#118);
#4873 = PRESENTATION_STYLE_ASSIGNMENT((#4874));
#4874 = SURFACE_STYLE_USAGE(.BOTH.,#4875);
#4875 = SURFACE_SIDE_STYLE('',(#4876));
#4876 = SURFACE_STYLE_FILL_AREA(#4877);
#4877 = FILL_AREA_STYLE('',(#4878));
#4878 = FILL_AREA_STYLE_COLOUR('',#4864);
#4879 = STYLED_ITEM('color',(#4880),#149);
#4880 = PRESENTATION_STYLE_ASSIGNMENT((#4881));
#4881 = SURFACE_STYLE_USAGE(.BOTH.,#4882);
#4882 = SURFACE_SIDE_STYLE('',(#4883));
#4883 = SURFACE_STYLE_FILL_AREA(#4884);
#4884 = FILL_AREA_STYLE('',(#4885));
#4885 = FILL_AREA_STYLE_COLOUR('',#4864);
#4886 = STYLED_ITEM('color',(#4887),#314);
#4887 = PRESENTATION_STYLE_ASSIGNMENT((#4888));
#4888 = SURFACE_STYLE_USAGE(.BOTH.,#4889);
#4889 = SURFACE_SIDE_STYLE('',(#4890));
#4890 = SURFACE_STYLE_FILL_AREA(#4891);
#4891 = FILL_AREA_STYLE('',(#4892));
#4892 = FILL_AREA_STYLE_COLOUR('',#4864);
#4893 = STYLED_ITEM('color',(#4894),#479);
#4894 = PRESENTATION_STYLE_ASSIGNMENT((#4895));
#4895 = SURFACE_STYLE_USAGE(.BOTH.,#4896);
#4896 = SURFACE_SIDE_STYLE('',(#4897));
#4897 = SURFACE_STYLE_FILL_AREA(#4898);
#4898 = FILL_AREA_STYLE('',(#4899));
#4899 = FILL_AREA_STYLE_COLOUR('',#4864);
#4900 = STYLED_ITEM('color',(#4901),#496);
#4901 = PRESENTATION_STYLE_ASSIGNMENT((#4902));
#4902 = SURFACE_STYLE_USAGE(.BOTH.,#4903);
#4903 = SURFACE_SIDE_STYLE('',(#4904));
#4904 = SURFACE_STYLE_FILL_AREA(#4905);
#4905 = FILL_AREA_STYLE('',(#4906));
#4906 = FILL_AREA_STYLE_COLOUR('',#4864);
#4907 = STYLED_ITEM('color',(#4908),#513);
#4908 = PRESENTATION_STYLE_ASSIGNMENT((#4909));
#4909 = SURFACE_STYLE_USAGE(.BOTH.,#4910);
#4910 = SURFACE_SIDE_STYLE('',(#4911));
#4911 = SURFACE_STYLE_FILL_AREA(#4912);
#4912 = FILL_AREA_STYLE('',(#4913));
#4913 = FILL_AREA_STYLE_COLOUR('',#4864);
#4914 = STYLED_ITEM('color',(#4915),#530);
#4915 = PRESENTATION_STYLE_ASSIGNMENT((#4916));
#4916 = SURFACE_STYLE_USAGE(.BOTH.,#4917);
#4917 = SURFACE_SIDE_STYLE('',(#4918));
#4918 = SURFACE_STYLE_FILL_AREA(#4919);
#4919 = FILL_AREA_STYLE('',(#4920));
#4920 = FILL_AREA_STYLE_COLOUR('',#4864);
#4921 = STYLED_ITEM('color',(#4922),#547);
#4922 = PRESENTATION_STYLE_ASSIGNMENT((#4923));
#4923 = SURFACE_STYLE_USAGE(.BOTH.,#4924);
#4924 = SURFACE_SIDE_STYLE('',(#4925));
#4925 = SURFACE_STYLE_FILL_AREA(#4926);
#4926 = FILL_AREA_STYLE('',(#4927));
#4927 = FILL_AREA_STYLE_COLOUR('',#4864);
#4928 = STYLED_ITEM('color',(#4929),#564);
#4929 = PRESENTATION_STYLE_ASSIGNMENT((#4930));
#4930 = SURFACE_STYLE_USAGE(.BOTH.,#4931);
#4931 = SURFACE_SIDE_STYLE('',(#4932));
#4932 = SURFACE_STYLE_FILL_AREA(#4933);
#4933 = FILL_AREA_STYLE('',(#4934));
#4934 = FILL_AREA_STYLE_COLOUR('',#4864);
#4935 = STYLED_ITEM('color',(#4936),#581);
#4936 = PRESENTATION_STYLE_ASSIGNMENT((#4937));
#4937 = SURFACE_STYLE_USAGE(.BOTH.,#4938);
#4938 = SURFACE_SIDE_STYLE('',(#4939));
#4939 = SURFACE_STYLE_FILL_AREA(#4940);
#4940 = FILL_AREA_STYLE('',(#4941));
#4941 = FILL_AREA_STYLE_COLOUR('',#4864);
#4942 = STYLED_ITEM('color',(#4943),#598);
#4943 = PRESENTATION_STYLE_ASSIGNMENT((#4944));
#4944 = SURFACE_STYLE_USAGE(.BOTH.,#4945);
#4945 = SURFACE_SIDE_STYLE('',(#4946));
#4946 = SURFACE_STYLE_FILL_AREA(#4947);
#4947 = FILL_AREA_STYLE('',(#4948));
#4948 = FILL_AREA_STYLE_COLOUR('',#4864);
#4949 = STYLED_ITEM('color',(#4950),#615);
#4950 = PRESENTATION_STYLE_ASSIGNMENT((#4951));
#4951 = SURFACE_STYLE_USAGE(.BOTH.,#4952);
#4952 = SURFACE_SIDE_STYLE('',(#4953));
#4953 = SURFACE_STYLE_FILL_AREA(#4954);
#4954 = FILL_AREA_STYLE('',(#4955));
#4955 = FILL_AREA_STYLE_COLOUR('',#4864);
#4956 = STYLED_ITEM('color',(#4957),#632);
#4957 = PRESENTATION_STYLE_ASSIGNMENT((#4958));
#4958 = SURFACE_STYLE_USAGE(.BOTH.,#4959);
#4959 = SURFACE_SIDE_STYLE('',(#4960));
#4960 = SURFACE_STYLE_FILL_AREA(#4961);
#4961 = FILL_AREA_STYLE('',(#4962));
#4962 = FILL_AREA_STYLE_COLOUR('',#4864);
#4963 = STYLED_ITEM('color',(#4964),#649);
#4964 = PRESENTATION_STYLE_ASSIGNMENT((#4965));
#4965 = SURFACE_STYLE_USAGE(.BOTH.,#4966);
#4966 = SURFACE_SIDE_STYLE('',(#4967));
#4967 = SURFACE_STYLE_FILL_AREA(#4968);
#4968 = FILL_AREA_STYLE('',(#4969));
#4969 = FILL_AREA_STYLE_COLOUR('',#4864);
#4970 = STYLED_ITEM('color',(#4971),#661);
#4971 = PRESENTATION_STYLE_ASSIGNMENT((#4972));
#4972 = SURFACE_STYLE_USAGE(.BOTH.,#4973);
#4973 = SURFACE_SIDE_STYLE('',(#4974));
#4974 = SURFACE_STYLE_FILL_AREA(#4975);
#4975 = FILL_AREA_STYLE('',(#4976));
#4976 = FILL_AREA_STYLE_COLOUR('',#4977);
#4977 = COLOUR_RGB('',0.859000020776,0.737999965183,0.495999988746);
#4978 = STYLED_ITEM('color',(#4979),#692);
#4979 = PRESENTATION_STYLE_ASSIGNMENT((#4980));
#4980 = SURFACE_STYLE_USAGE(.BOTH.,#4981);
#4981 = SURFACE_SIDE_STYLE('',(#4982));
#4982 = SURFACE_STYLE_FILL_AREA(#4983);
#4983 = FILL_AREA_STYLE('',(#4984));
#4984 = FILL_AREA_STYLE_COLOUR('',#4977);
#4985 = STYLED_ITEM('color',(#4986),#716);
#4986 = PRESENTATION_STYLE_ASSIGNMENT((#4987));
#4987 = SURFACE_STYLE_USAGE(.BOTH.,#4988);
#4988 = SURFACE_SIDE_STYLE('',(#4989));
#4989 = SURFACE_STYLE_FILL_AREA(#4990);
#4990 = FILL_AREA_STYLE('',(#4991));
#4991 = FILL_AREA_STYLE_COLOUR('',#4977);
#4992 = STYLED_ITEM('color',(#4993),#740);
#4993 = PRESENTATION_STYLE_ASSIGNMENT((#4994));
#4994 = SURFACE_STYLE_USAGE(.BOTH.,#4995);
#4995 = SURFACE_SIDE_STYLE('',(#4996));
#4996 = SURFACE_STYLE_FILL_AREA(#4997);
#4997 = FILL_AREA_STYLE('',(#4998));
#4998 = FILL_AREA_STYLE_COLOUR('',#4977);
#4999 = STYLED_ITEM('color',(#5000),#757);
#5000 = PRESENTATION_STYLE_ASSIGNMENT((#5001));
#5001 = SURFACE_STYLE_USAGE(.BOTH.,#5002);
#5002 = SURFACE_SIDE_STYLE('',(#5003));
#5003 = SURFACE_STYLE_FILL_AREA(#5004);
#5004 = FILL_AREA_STYLE('',(#5005));
#5005 = FILL_AREA_STYLE_COLOUR('',#4977);
#5006 = STYLED_ITEM('color',(#5007),#788);
#5007 = PRESENTATION_STYLE_ASSIGNMENT((#5008));
#5008 = SURFACE_STYLE_USAGE(.BOTH.,#5009);
#5009 = SURFACE_SIDE_STYLE('',(#5010));
#5010 = SURFACE_STYLE_FILL_AREA(#5011);
#5011 = FILL_AREA_STYLE('',(#5012));
#5012 = FILL_AREA_STYLE_COLOUR('',#4977);
#5013 = STYLED_ITEM('color',(#5014),#812);
#5014 = PRESENTATION_STYLE_ASSIGNMENT((#5015));
#5015 = SURFACE_STYLE_USAGE(.BOTH.,#5016);
#5016 = SURFACE_SIDE_STYLE('',(#5017));
#5017 = SURFACE_STYLE_FILL_AREA(#5018);
#5018 = FILL_AREA_STYLE('',(#5019));
#5019 = FILL_AREA_STYLE_COLOUR('',#4977);
#5020 = STYLED_ITEM('color',(#5021),#836);
#5021 = PRESENTATION_STYLE_ASSIGNMENT((#5022));
#5022 = SURFACE_STYLE_USAGE(.BOTH.,#5023);
#5023 = SURFACE_SIDE_STYLE('',(#5024));
#5024 = SURFACE_STYLE_FILL_AREA(#5025);
#5025 = FILL_AREA_STYLE('',(#5026));
#5026 = FILL_AREA_STYLE_COLOUR('',#4977);
#5027 = STYLED_ITEM('color',(#5028),#853);
#5028 = PRESENTATION_STYLE_ASSIGNMENT((#5029));
#5029 = SURFACE_STYLE_USAGE(.BOTH.,#5030);
#5030 = SURFACE_SIDE_STYLE('',(#5031));
#5031 = SURFACE_STYLE_FILL_AREA(#5032);
#5032 = FILL_AREA_STYLE('',(#5033));
#5033 = FILL_AREA_STYLE_COLOUR('',#4977);
#5034 = STYLED_ITEM('color',(#5035),#884);
#5035 = PRESENTATION_STYLE_ASSIGNMENT((#5036));
#5036 = SURFACE_STYLE_USAGE(.BOTH.,#5037);
#5037 = SURFACE_SIDE_STYLE('',(#5038));
#5038 = SURFACE_STYLE_FILL_AREA(#5039);
#5039 = FILL_AREA_STYLE('',(#5040));
#5040 = FILL_AREA_STYLE_COLOUR('',#4977);
#5041 = STYLED_ITEM('color',(#5042),#908);
#5042 = PRESENTATION_STYLE_ASSIGNMENT((#5043));
#5043 = SURFACE_STYLE_USAGE(.BOTH.,#5044);
#5044 = SURFACE_SIDE_STYLE('',(#5045));
#5045 = SURFACE_STYLE_FILL_AREA(#5046);
#5046 = FILL_AREA_STYLE('',(#5047));
#5047 = FILL_AREA_STYLE_COLOUR('',#4977);
#5048 = STYLED_ITEM('color',(#5049),#932);
#5049 = PRESENTATION_STYLE_ASSIGNMENT((#5050));
#5050 = SURFACE_STYLE_USAGE(.BOTH.,#5051);
#5051 = SURFACE_SIDE_STYLE('',(#5052));
#5052 = SURFACE_STYLE_FILL_AREA(#5053);
#5053 = FILL_AREA_STYLE('',(#5054));
#5054 = FILL_AREA_STYLE_COLOUR('',#4977);
#5055 = STYLED_ITEM('color',(#5056),#949);
#5056 = PRESENTATION_STYLE_ASSIGNMENT((#5057));
#5057 = SURFACE_STYLE_USAGE(.BOTH.,#5058);
#5058 = SURFACE_SIDE_STYLE('',(#5059));
#5059 = SURFACE_STYLE_FILL_AREA(#5060);
#5060 = FILL_AREA_STYLE('',(#5061));
#5061 = FILL_AREA_STYLE_COLOUR('',#4977);
#5062 = STYLED_ITEM('color',(#5063),#980);
#5063 = PRESENTATION_STYLE_ASSIGNMENT((#5064));
#5064 = SURFACE_STYLE_USAGE(.BOTH.,#5065);
#5065 = SURFACE_SIDE_STYLE('',(#5066));
#5066 = SURFACE_STYLE_FILL_AREA(#5067);
#5067 = FILL_AREA_STYLE('',(#5068));
#5068 = FILL_AREA_STYLE_COLOUR('',#4977);
#5069 = STYLED_ITEM('color',(#5070),#1004);
#5070 = PRESENTATION_STYLE_ASSIGNMENT((#5071));
#5071 = SURFACE_STYLE_USAGE(.BOTH.,#5072);
#5072 = SURFACE_SIDE_STYLE('',(#5073));
#5073 = SURFACE_STYLE_FILL_AREA(#5074);
#5074 = FILL_AREA_STYLE('',(#5075));
#5075 = FILL_AREA_STYLE_COLOUR('',#4977);
#5076 = STYLED_ITEM('color',(#5077),#1028);
#5077 = PRESENTATION_STYLE_ASSIGNMENT((#5078));
#5078 = SURFACE_STYLE_USAGE(.BOTH.,#5079);
#5079 = SURFACE_SIDE_STYLE('',(#5080));
#5080 = SURFACE_STYLE_FILL_AREA(#5081);
#5081 = FILL_AREA_STYLE('',(#5082));
#5082 = FILL_AREA_STYLE_COLOUR('',#4977);
#5083 = STYLED_ITEM('color',(#5084),#1045);
#5084 = PRESENTATION_STYLE_ASSIGNMENT((#5085));
#5085 = SURFACE_STYLE_USAGE(.BOTH.,#5086);
#5086 = SURFACE_SIDE_STYLE('',(#5087));
#5087 = SURFACE_STYLE_FILL_AREA(#5088);
#5088 = FILL_AREA_STYLE('',(#5089));
#5089 = FILL_AREA_STYLE_COLOUR('',#4977);
#5090 = STYLED_ITEM('color',(#5091),#1076);
#5091 = PRESENTATION_STYLE_ASSIGNMENT((#5092));
#5092 = SURFACE_STYLE_USAGE(.BOTH.,#5093);
#5093 = SURFACE_SIDE_STYLE('',(#5094));
#5094 = SURFACE_STYLE_FILL_AREA(#5095);
#5095 = FILL_AREA_STYLE('',(#5096));
#5096 = FILL_AREA_STYLE_COLOUR('',#4977);
#5097 = STYLED_ITEM('color',(#5098),#1100);
#5098 = PRESENTATION_STYLE_ASSIGNMENT((#5099));
#5099 = SURFACE_STYLE_USAGE(.BOTH.,#5100);
#5100 = SURFACE_SIDE_STYLE('',(#5101));
#5101 = SURFACE_STYLE_FILL_AREA(#5102);
#5102 = FILL_AREA_STYLE('',(#5103));
#5103 = FILL_AREA_STYLE_COLOUR('',#4977);
#5104 = STYLED_ITEM('color',(#5105),#1124);
#5105 = PRESENTATION_STYLE_ASSIGNMENT((#5106));
#5106 = SURFACE_STYLE_USAGE(.BOTH.,#5107);
#5107 = SURFACE_SIDE_STYLE('',(#5108));
#5108 = SURFACE_STYLE_FILL_AREA(#5109);
#5109 = FILL_AREA_STYLE('',(#5110));
#5110 = FILL_AREA_STYLE_COLOUR('',#4977);
#5111 = STYLED_ITEM('color',(#5112),#1141);
#5112 = PRESENTATION_STYLE_ASSIGNMENT((#5113));
#5113 = SURFACE_STYLE_USAGE(.BOTH.,#5114);
#5114 = SURFACE_SIDE_STYLE('',(#5115));
#5115 = SURFACE_STYLE_FILL_AREA(#5116);
#5116 = FILL_AREA_STYLE('',(#5117));
#5117 = FILL_AREA_STYLE_COLOUR('',#4977);
#5118 = STYLED_ITEM('color',(#5119),#1172);
#5119 = PRESENTATION_STYLE_ASSIGNMENT((#5120));
#5120 = SURFACE_STYLE_USAGE(.BOTH.,#5121);
#5121 = SURFACE_SIDE_STYLE('',(#5122));
#5122 = SURFACE_STYLE_FILL_AREA(#5123);
#5123 = FILL_AREA_STYLE('',(#5124));
#5124 = FILL_AREA_STYLE_COLOUR('',#4977);
#5125 = STYLED_ITEM('color',(#5126),#1196);
#5126 = PRESENTATION_STYLE_ASSIGNMENT((#5127));
#5127 = SURFACE_STYLE_USAGE(.BOTH.,#5128);
#5128 = SURFACE_SIDE_STYLE('',(#5129));
#5129 = SURFACE_STYLE_FILL_AREA(#5130);
#5130 = FILL_AREA_STYLE('',(#5131));
#5131 = FILL_AREA_STYLE_COLOUR('',#4977);
#5132 = STYLED_ITEM('color',(#5133),#1220);
#5133 = PRESENTATION_STYLE_ASSIGNMENT((#5134));
#5134 = SURFACE_STYLE_USAGE(.BOTH.,#5135);
#5135 = SURFACE_SIDE_STYLE('',(#5136));
#5136 = SURFACE_STYLE_FILL_AREA(#5137);
#5137 = FILL_AREA_STYLE('',(#5138));
#5138 = FILL_AREA_STYLE_COLOUR('',#4977);
#5139 = STYLED_ITEM('color',(#5140),#1237);
#5140 = PRESENTATION_STYLE_ASSIGNMENT((#5141));
#5141 = SURFACE_STYLE_USAGE(.BOTH.,#5142);
#5142 = SURFACE_SIDE_STYLE('',(#5143));
#5143 = SURFACE_STYLE_FILL_AREA(#5144);
#5144 = FILL_AREA_STYLE('',(#5145));
#5145 = FILL_AREA_STYLE_COLOUR('',#4977);
#5146 = STYLED_ITEM('color',(#5147),#1268);
#5147 = PRESENTATION_STYLE_ASSIGNMENT((#5148));
#5148 = SURFACE_STYLE_USAGE(.BOTH.,#5149);
#5149 = SURFACE_SIDE_STYLE('',(#5150));
#5150 = SURFACE_STYLE_FILL_AREA(#5151);
#5151 = FILL_AREA_STYLE('',(#5152));
#5152 = FILL_AREA_STYLE_COLOUR('',#4977);
#5153 = STYLED_ITEM('color',(#5154),#1292);
#5154 = PRESENTATION_STYLE_ASSIGNMENT((#5155));
#5155 = SURFACE_STYLE_USAGE(.BOTH.,#5156);
#5156 = SURFACE_SIDE_STYLE('',(#5157));
#5157 = SURFACE_STYLE_FILL_AREA(#5158);
#5158 = FILL_AREA_STYLE('',(#5159));
#5159 = FILL_AREA_STYLE_COLOUR('',#4977);
#5160 = STYLED_ITEM('color',(#5161),#1316);
#5161 = PRESENTATION_STYLE_ASSIGNMENT((#5162));
#5162 = SURFACE_STYLE_USAGE(.BOTH.,#5163);
#5163 = SURFACE_SIDE_STYLE('',(#5164));
#5164 = SURFACE_STYLE_FILL_AREA(#5165);
#5165 = FILL_AREA_STYLE('',(#5166));
#5166 = FILL_AREA_STYLE_COLOUR('',#4977);
#5167 = STYLED_ITEM('color',(#5168),#1333);
#5168 = PRESENTATION_STYLE_ASSIGNMENT((#5169));
#5169 = SURFACE_STYLE_USAGE(.BOTH.,#5170);
#5170 = SURFACE_SIDE_STYLE('',(#5171));
#5171 = SURFACE_STYLE_FILL_AREA(#5172);
#5172 = FILL_AREA_STYLE('',(#5173));
#5173 = FILL_AREA_STYLE_COLOUR('',#4977);
#5174 = STYLED_ITEM('color',(#5175),#1364);
#5175 = PRESENTATION_STYLE_ASSIGNMENT((#5176));
#5176 = SURFACE_STYLE_USAGE(.BOTH.,#5177);
#5177 = SURFACE_SIDE_STYLE('',(#5178));
#5178 = SURFACE_STYLE_FILL_AREA(#5179);
#5179 = FILL_AREA_STYLE('',(#5180));
#5180 = FILL_AREA_STYLE_COLOUR('',#4977);
#5181 = STYLED_ITEM('color',(#5182),#1388);
#5182 = PRESENTATION_STYLE_ASSIGNMENT((#5183));
#5183 = SURFACE_STYLE_USAGE(.BOTH.,#5184);
#5184 = SURFACE_SIDE_STYLE('',(#5185));
#5185 = SURFACE_STYLE_FILL_AREA(#5186);
#5186 = FILL_AREA_STYLE('',(#5187));
#5187 = FILL_AREA_STYLE_COLOUR('',#4977);
#5188 = STYLED_ITEM('color',(#5189),#1412);
#5189 = PRESENTATION_STYLE_ASSIGNMENT((#5190));
#5190 = SURFACE_STYLE_USAGE(.BOTH.,#5191);
#5191 = SURFACE_SIDE_STYLE('',(#5192));
#5192 = SURFACE_STYLE_FILL_AREA(#5193);
#5193 = FILL_AREA_STYLE('',(#5194));
#5194 = FILL_AREA_STYLE_COLOUR('',#4977);
#5195 = STYLED_ITEM('color',(#5196),#1429);
#5196 = PRESENTATION_STYLE_ASSIGNMENT((#5197));
#5197 = SURFACE_STYLE_USAGE(.BOTH.,#5198);
#5198 = SURFACE_SIDE_STYLE('',(#5199));
#5199 = SURFACE_STYLE_FILL_AREA(#5200);
#5200 = FILL_AREA_STYLE('',(#5201));
#5201 = FILL_AREA_STYLE_COLOUR('',#4977);
#5202 = STYLED_ITEM('color',(#5203),#1441);
#5203 = PRESENTATION_STYLE_ASSIGNMENT((#5204));
#5204 = SURFACE_STYLE_USAGE(.BOTH.,#5205);
#5205 = SURFACE_SIDE_STYLE('',(#5206));
#5206 = SURFACE_STYLE_FILL_AREA(#5207);
#5207 = FILL_AREA_STYLE('',(#5208));
#5208 = FILL_AREA_STYLE_COLOUR('',#4977);
#5209 = STYLED_ITEM('color',(#5210),#1453);
#5210 = PRESENTATION_STYLE_ASSIGNMENT((#5211));
#5211 = SURFACE_STYLE_USAGE(.BOTH.,#5212);
#5212 = SURFACE_SIDE_STYLE('',(#5213));
#5213 = SURFACE_STYLE_FILL_AREA(#5214);
#5214 = FILL_AREA_STYLE('',(#5215));
#5215 = FILL_AREA_STYLE_COLOUR('',#4977);
#5216 = STYLED_ITEM('color',(#5217),#1465);
#5217 = PRESENTATION_STYLE_ASSIGNMENT((#5218));
#5218 = SURFACE_STYLE_USAGE(.BOTH.,#5219);
#5219 = SURFACE_SIDE_STYLE('',(#5220));
#5220 = SURFACE_STYLE_FILL_AREA(#5221);
#5221 = FILL_AREA_STYLE('',(#5222));
#5222 = FILL_AREA_STYLE_COLOUR('',#4977);
#5223 = MECHANICAL_DESIGN_GEOMETRIC_PRESENTATION_REPRESENTATION('',(
    #5224,#5234,#5243,#5252,#5261,#5270,#5279,#5288,#5297,#5307,#5316,
    #5325,#5334,#5343,#5352,#5361,#5370,#5379,#5388,#5397,#5406,#5415,
    #5424,#5433,#5442,#5451,#5460,#5469,#5478,#5487,#5496,#5505,#5514,
    #5523,#5532,#5541,#5550,#5559,#5568,#5577,#5586,#5595,#5604,#5613,
    #5622,#5631,#5640,#5649,#5658,#5667,#5676,#5685,#5694,#5703,#5712,
    #5721,#5730,#5739,#5748,#5757,#5766,#5775,#5784,#5793,#5802,#5811,
    #5820,#5829,#5838,#5847,#5856,#5865,#5874,#5883,#5892,#5901,#5910,
    #5919),#3336);
#5224 = STYLED_ITEM('color',(#5225),#1498);
#5225 = PRESENTATION_STYLE_ASSIGNMENT((#5226,#5232));
#5226 = SURFACE_STYLE_USAGE(.BOTH.,#5227);
#5227 = SURFACE_SIDE_STYLE('',(#5228));
#5228 = SURFACE_STYLE_FILL_AREA(#5229);
#5229 = FILL_AREA_STYLE('',(#5230));
#5230 = FILL_AREA_STYLE_COLOUR('',#5231);
#5231 = COLOUR_RGB('',0.147999998088,0.145000001626,0.145000001626);
#5232 = CURVE_STYLE('',#5233,POSITIVE_LENGTH_MEASURE(0.1),#5231);
#5233 = DRAUGHTING_PRE_DEFINED_CURVE_FONT('continuous');
#5234 = STYLED_ITEM('color',(#5235),#1538);
#5235 = PRESENTATION_STYLE_ASSIGNMENT((#5236,#5241));
#5236 = SURFACE_STYLE_USAGE(.BOTH.,#5237);
#5237 = SURFACE_SIDE_STYLE('',(#5238));
#5238 = SURFACE_STYLE_FILL_AREA(#5239);
#5239 = FILL_AREA_STYLE('',(#5240));
#5240 = FILL_AREA_STYLE_COLOUR('',#5231);
#5241 = CURVE_STYLE('',#5242,POSITIVE_LENGTH_MEASURE(0.1),#5231);
#5242 = DRAUGHTING_PRE_DEFINED_CURVE_FONT('continuous');
#5243 = STYLED_ITEM('color',(#5244),#1601);
#5244 = PRESENTATION_STYLE_ASSIGNMENT((#5245,#5250));
#5245 = SURFACE_STYLE_USAGE(.BOTH.,#5246);
#5246 = SURFACE_SIDE_STYLE('',(#5247));
#5247 = SURFACE_STYLE_FILL_AREA(#5248);
#5248 = FILL_AREA_STYLE('',(#5249));
#5249 = FILL_AREA_STYLE_COLOUR('',#5231);
#5250 = CURVE_STYLE('',#5251,POSITIVE_LENGTH_MEASURE(0.1),#5231);
#5251 = DRAUGHTING_PRE_DEFINED_CURVE_FONT('continuous');
#5252 = STYLED_ITEM('color',(#5253),#1664);
#5253 = PRESENTATION_STYLE_ASSIGNMENT((#5254,#5259));
#5254 = SURFACE_STYLE_USAGE(.BOTH.,#5255);
#5255 = SURFACE_SIDE_STYLE('',(#5256));
#5256 = SURFACE_STYLE_FILL_AREA(#5257);
#5257 = FILL_AREA_STYLE('',(#5258));
#5258 = FILL_AREA_STYLE_COLOUR('',#5231);
#5259 = CURVE_STYLE('',#5260,POSITIVE_LENGTH_MEASURE(0.1),#5231);
#5260 = DRAUGHTING_PRE_DEFINED_CURVE_FONT('continuous');
#5261 = STYLED_ITEM('color',(#5262),#1681);
#5262 = PRESENTATION_STYLE_ASSIGNMENT((#5263,#5268));
#5263 = SURFACE_STYLE_USAGE(.BOTH.,#5264);
#5264 = SURFACE_SIDE_STYLE('',(#5265));
#5265 = SURFACE_STYLE_FILL_AREA(#5266);
#5266 = FILL_AREA_STYLE('',(#5267));
#5267 = FILL_AREA_STYLE_COLOUR('',#5231);
#5268 = CURVE_STYLE('',#5269,POSITIVE_LENGTH_MEASURE(0.1),#5231);
#5269 = DRAUGHTING_PRE_DEFINED_CURVE_FONT('continuous');
#5270 = STYLED_ITEM('color',(#5271),#1766);
#5271 = PRESENTATION_STYLE_ASSIGNMENT((#5272,#5277));
#5272 = SURFACE_STYLE_USAGE(.BOTH.,#5273);
#5273 = SURFACE_SIDE_STYLE('',(#5274));
#5274 = SURFACE_STYLE_FILL_AREA(#5275);
#5275 = FILL_AREA_STYLE('',(#5276));
#5276 = FILL_AREA_STYLE_COLOUR('',#5231);
#5277 = CURVE_STYLE('',#5278,POSITIVE_LENGTH_MEASURE(0.1),#5231);
#5278 = DRAUGHTING_PRE_DEFINED_CURVE_FONT('continuous');
#5279 = STYLED_ITEM('color',(#5280),#1788);
#5280 = PRESENTATION_STYLE_ASSIGNMENT((#5281,#5286));
#5281 = SURFACE_STYLE_USAGE(.BOTH.,#5282);
#5282 = SURFACE_SIDE_STYLE('',(#5283));
#5283 = SURFACE_STYLE_FILL_AREA(#5284);
#5284 = FILL_AREA_STYLE('',(#5285));
#5285 = FILL_AREA_STYLE_COLOUR('',#5231);
#5286 = CURVE_STYLE('',#5287,POSITIVE_LENGTH_MEASURE(0.1),#5231);
#5287 = DRAUGHTING_PRE_DEFINED_CURVE_FONT('continuous');
#5288 = STYLED_ITEM('color',(#5289),#1805);
#5289 = PRESENTATION_STYLE_ASSIGNMENT((#5290,#5295));
#5290 = SURFACE_STYLE_USAGE(.BOTH.,#5291);
#5291 = SURFACE_SIDE_STYLE('',(#5292));
#5292 = SURFACE_STYLE_FILL_AREA(#5293);
#5293 = FILL_AREA_STYLE('',(#5294));
#5294 = FILL_AREA_STYLE_COLOUR('',#5231);
#5295 = CURVE_STYLE('',#5296,POSITIVE_LENGTH_MEASURE(0.1),#5231);
#5296 = DRAUGHTING_PRE_DEFINED_CURVE_FONT('continuous');
#5297 = OVER_RIDING_STYLED_ITEM('overriding color',(#5298),#1830,#5288);
#5298 = PRESENTATION_STYLE_ASSIGNMENT((#5299,#5305));
#5299 = SURFACE_STYLE_USAGE(.BOTH.,#5300);
#5300 = SURFACE_SIDE_STYLE('',(#5301));
#5301 = SURFACE_STYLE_FILL_AREA(#5302);
#5302 = FILL_AREA_STYLE('',(#5303));
#5303 = FILL_AREA_STYLE_COLOUR('',#5304);
#5304 = COLOUR_RGB('',0.858999988747,0.738000004258,0.496000005009);
#5305 = CURVE_STYLE('',#5306,POSITIVE_LENGTH_MEASURE(0.1),#5304);
#5306 = DRAUGHTING_PRE_DEFINED_CURVE_FONT('continuous');
#5307 = OVER_RIDING_STYLED_ITEM('overriding color',(#5308),#1838,#5288);
#5308 = PRESENTATION_STYLE_ASSIGNMENT((#5309,#5314));
#5309 = SURFACE_STYLE_USAGE(.BOTH.,#5310);
#5310 = SURFACE_SIDE_STYLE('',(#5311));
#5311 = SURFACE_STYLE_FILL_AREA(#5312);
#5312 = FILL_AREA_STYLE('',(#5313));
#5313 = FILL_AREA_STYLE_COLOUR('',#5304);
#5314 = CURVE_STYLE('',#5315,POSITIVE_LENGTH_MEASURE(0.1),#5304);
#5315 = DRAUGHTING_PRE_DEFINED_CURVE_FONT('continuous');
#5316 = OVER_RIDING_STYLED_ITEM('overriding color',(#5317),#1846,#5288);
#5317 = PRESENTATION_STYLE_ASSIGNMENT((#5318,#5323));
#5318 = SURFACE_STYLE_USAGE(.BOTH.,#5319);
#5319 = SURFACE_SIDE_STYLE('',(#5320));
#5320 = SURFACE_STYLE_FILL_AREA(#5321);
#5321 = FILL_AREA_STYLE('',(#5322));
#5322 = FILL_AREA_STYLE_COLOUR('',#5304);
#5323 = CURVE_STYLE('',#5324,POSITIVE_LENGTH_MEASURE(0.1),#5304);
#5324 = DRAUGHTING_PRE_DEFINED_CURVE_FONT('continuous');
#5325 = OVER_RIDING_STYLED_ITEM('overriding color',(#5326),#1912,#5288);
#5326 = PRESENTATION_STYLE_ASSIGNMENT((#5327,#5332));
#5327 = SURFACE_STYLE_USAGE(.BOTH.,#5328);
#5328 = SURFACE_SIDE_STYLE('',(#5329));
#5329 = SURFACE_STYLE_FILL_AREA(#5330);
#5330 = FILL_AREA_STYLE('',(#5331));
#5331 = FILL_AREA_STYLE_COLOUR('',#5304);
#5332 = CURVE_STYLE('',#5333,POSITIVE_LENGTH_MEASURE(0.1),#5304);
#5333 = DRAUGHTING_PRE_DEFINED_CURVE_FONT('continuous');
#5334 = OVER_RIDING_STYLED_ITEM('overriding color',(#5335),#1920,#5288);
#5335 = PRESENTATION_STYLE_ASSIGNMENT((#5336,#5341));
#5336 = SURFACE_STYLE_USAGE(.BOTH.,#5337);
#5337 = SURFACE_SIDE_STYLE('',(#5338));
#5338 = SURFACE_STYLE_FILL_AREA(#5339);
#5339 = FILL_AREA_STYLE('',(#5340));
#5340 = FILL_AREA_STYLE_COLOUR('',#5304);
#5341 = CURVE_STYLE('',#5342,POSITIVE_LENGTH_MEASURE(0.1),#5304);
#5342 = DRAUGHTING_PRE_DEFINED_CURVE_FONT('continuous');
#5343 = OVER_RIDING_STYLED_ITEM('overriding color',(#5344),#1928,#5288);
#5344 = PRESENTATION_STYLE_ASSIGNMENT((#5345,#5350));
#5345 = SURFACE_STYLE_USAGE(.BOTH.,#5346);
#5346 = SURFACE_SIDE_STYLE('',(#5347));
#5347 = SURFACE_STYLE_FILL_AREA(#5348);
#5348 = FILL_AREA_STYLE('',(#5349));
#5349 = FILL_AREA_STYLE_COLOUR('',#5304);
#5350 = CURVE_STYLE('',#5351,POSITIVE_LENGTH_MEASURE(0.1),#5304);
#5351 = DRAUGHTING_PRE_DEFINED_CURVE_FONT('continuous');
#5352 = STYLED_ITEM('color',(#5353),#1986);
#5353 = PRESENTATION_STYLE_ASSIGNMENT((#5354,#5359));
#5354 = SURFACE_STYLE_USAGE(.BOTH.,#5355);
#5355 = SURFACE_SIDE_STYLE('',(#5356));
#5356 = SURFACE_STYLE_FILL_AREA(#5357);
#5357 = FILL_AREA_STYLE('',(#5358));
#5358 = FILL_AREA_STYLE_COLOUR('',#5231);
#5359 = CURVE_STYLE('',#5360,POSITIVE_LENGTH_MEASURE(0.1),#5231);
#5360 = DRAUGHTING_PRE_DEFINED_CURVE_FONT('continuous');
#5361 = STYLED_ITEM('color',(#5362),#1998);
#5362 = PRESENTATION_STYLE_ASSIGNMENT((#5363,#5368));
#5363 = SURFACE_STYLE_USAGE(.BOTH.,#5364);
#5364 = SURFACE_SIDE_STYLE('',(#5365));
#5365 = SURFACE_STYLE_FILL_AREA(#5366);
#5366 = FILL_AREA_STYLE('',(#5367));
#5367 = FILL_AREA_STYLE_COLOUR('',#5231);
#5368 = CURVE_STYLE('',#5369,POSITIVE_LENGTH_MEASURE(0.1),#5231);
#5369 = DRAUGHTING_PRE_DEFINED_CURVE_FONT('continuous');
#5370 = STYLED_ITEM('color',(#5371),#2010);
#5371 = PRESENTATION_STYLE_ASSIGNMENT((#5372,#5377));
#5372 = SURFACE_STYLE_USAGE(.BOTH.,#5373);
#5373 = SURFACE_SIDE_STYLE('',(#5374));
#5374 = SURFACE_STYLE_FILL_AREA(#5375);
#5375 = FILL_AREA_STYLE('',(#5376));
#5376 = FILL_AREA_STYLE_COLOUR('',#5231);
#5377 = CURVE_STYLE('',#5378,POSITIVE_LENGTH_MEASURE(0.1),#5231);
#5378 = DRAUGHTING_PRE_DEFINED_CURVE_FONT('continuous');
#5379 = STYLED_ITEM('color',(#5380),#2041);
#5380 = PRESENTATION_STYLE_ASSIGNMENT((#5381,#5386));
#5381 = SURFACE_STYLE_USAGE(.BOTH.,#5382);
#5382 = SURFACE_SIDE_STYLE('',(#5383));
#5383 = SURFACE_STYLE_FILL_AREA(#5384);
#5384 = FILL_AREA_STYLE('',(#5385));
#5385 = FILL_AREA_STYLE_COLOUR('',#5231);
#5386 = CURVE_STYLE('',#5387,POSITIVE_LENGTH_MEASURE(0.1),#5231);
#5387 = DRAUGHTING_PRE_DEFINED_CURVE_FONT('continuous');
#5388 = STYLED_ITEM('color',(#5389),#2065);
#5389 = PRESENTATION_STYLE_ASSIGNMENT((#5390,#5395));
#5390 = SURFACE_STYLE_USAGE(.BOTH.,#5391);
#5391 = SURFACE_SIDE_STYLE('',(#5392));
#5392 = SURFACE_STYLE_FILL_AREA(#5393);
#5393 = FILL_AREA_STYLE('',(#5394));
#5394 = FILL_AREA_STYLE_COLOUR('',#5231);
#5395 = CURVE_STYLE('',#5396,POSITIVE_LENGTH_MEASURE(0.1),#5231);
#5396 = DRAUGHTING_PRE_DEFINED_CURVE_FONT('continuous');
#5397 = STYLED_ITEM('color',(#5398),#2089);
#5398 = PRESENTATION_STYLE_ASSIGNMENT((#5399,#5404));
#5399 = SURFACE_STYLE_USAGE(.BOTH.,#5400);
#5400 = SURFACE_SIDE_STYLE('',(#5401));
#5401 = SURFACE_STYLE_FILL_AREA(#5402);
#5402 = FILL_AREA_STYLE('',(#5403));
#5403 = FILL_AREA_STYLE_COLOUR('',#5231);
#5404 = CURVE_STYLE('',#5405,POSITIVE_LENGTH_MEASURE(0.1),#5231);
#5405 = DRAUGHTING_PRE_DEFINED_CURVE_FONT('continuous');
#5406 = STYLED_ITEM('color',(#5407),#2106);
#5407 = PRESENTATION_STYLE_ASSIGNMENT((#5408,#5413));
#5408 = SURFACE_STYLE_USAGE(.BOTH.,#5409);
#5409 = SURFACE_SIDE_STYLE('',(#5410));
#5410 = SURFACE_STYLE_FILL_AREA(#5411);
#5411 = FILL_AREA_STYLE('',(#5412));
#5412 = FILL_AREA_STYLE_COLOUR('',#5231);
#5413 = CURVE_STYLE('',#5414,POSITIVE_LENGTH_MEASURE(0.1),#5231);
#5414 = DRAUGHTING_PRE_DEFINED_CURVE_FONT('continuous');
#5415 = STYLED_ITEM('color',(#5416),#2137);
#5416 = PRESENTATION_STYLE_ASSIGNMENT((#5417,#5422));
#5417 = SURFACE_STYLE_USAGE(.BOTH.,#5418);
#5418 = SURFACE_SIDE_STYLE('',(#5419));
#5419 = SURFACE_STYLE_FILL_AREA(#5420);
#5420 = FILL_AREA_STYLE('',(#5421));
#5421 = FILL_AREA_STYLE_COLOUR('',#5231);
#5422 = CURVE_STYLE('',#5423,POSITIVE_LENGTH_MEASURE(0.1),#5231);
#5423 = DRAUGHTING_PRE_DEFINED_CURVE_FONT('continuous');
#5424 = STYLED_ITEM('color',(#5425),#2161);
#5425 = PRESENTATION_STYLE_ASSIGNMENT((#5426,#5431));
#5426 = SURFACE_STYLE_USAGE(.BOTH.,#5427);
#5427 = SURFACE_SIDE_STYLE('',(#5428));
#5428 = SURFACE_STYLE_FILL_AREA(#5429);
#5429 = FILL_AREA_STYLE('',(#5430));
#5430 = FILL_AREA_STYLE_COLOUR('',#5231);
#5431 = CURVE_STYLE('',#5432,POSITIVE_LENGTH_MEASURE(0.1),#5231);
#5432 = DRAUGHTING_PRE_DEFINED_CURVE_FONT('continuous');
#5433 = STYLED_ITEM('color',(#5434),#2185);
#5434 = PRESENTATION_STYLE_ASSIGNMENT((#5435,#5440));
#5435 = SURFACE_STYLE_USAGE(.BOTH.,#5436);
#5436 = SURFACE_SIDE_STYLE('',(#5437));
#5437 = SURFACE_STYLE_FILL_AREA(#5438);
#5438 = FILL_AREA_STYLE('',(#5439));
#5439 = FILL_AREA_STYLE_COLOUR('',#5231);
#5440 = CURVE_STYLE('',#5441,POSITIVE_LENGTH_MEASURE(0.1),#5231);
#5441 = DRAUGHTING_PRE_DEFINED_CURVE_FONT('continuous');
#5442 = STYLED_ITEM('color',(#5443),#2202);
#5443 = PRESENTATION_STYLE_ASSIGNMENT((#5444,#5449));
#5444 = SURFACE_STYLE_USAGE(.BOTH.,#5445);
#5445 = SURFACE_SIDE_STYLE('',(#5446));
#5446 = SURFACE_STYLE_FILL_AREA(#5447);
#5447 = FILL_AREA_STYLE('',(#5448));
#5448 = FILL_AREA_STYLE_COLOUR('',#5304);
#5449 = CURVE_STYLE('',#5450,POSITIVE_LENGTH_MEASURE(0.1),#5304);
#5450 = DRAUGHTING_PRE_DEFINED_CURVE_FONT('continuous');
#5451 = STYLED_ITEM('color',(#5452),#2223);
#5452 = PRESENTATION_STYLE_ASSIGNMENT((#5453,#5458));
#5453 = SURFACE_STYLE_USAGE(.BOTH.,#5454);
#5454 = SURFACE_SIDE_STYLE('',(#5455));
#5455 = SURFACE_STYLE_FILL_AREA(#5456);
#5456 = FILL_AREA_STYLE('',(#5457));
#5457 = FILL_AREA_STYLE_COLOUR('',#5304);
#5458 = CURVE_STYLE('',#5459,POSITIVE_LENGTH_MEASURE(0.1),#5304);
#5459 = DRAUGHTING_PRE_DEFINED_CURVE_FONT('continuous');
#5460 = STYLED_ITEM('color',(#5461),#2254);
#5461 = PRESENTATION_STYLE_ASSIGNMENT((#5462,#5467));
#5462 = SURFACE_STYLE_USAGE(.BOTH.,#5463);
#5463 = SURFACE_SIDE_STYLE('',(#5464));
#5464 = SURFACE_STYLE_FILL_AREA(#5465);
#5465 = FILL_AREA_STYLE('',(#5466));
#5466 = FILL_AREA_STYLE_COLOUR('',#5304);
#5467 = CURVE_STYLE('',#5468,POSITIVE_LENGTH_MEASURE(0.1),#5304);
#5468 = DRAUGHTING_PRE_DEFINED_CURVE_FONT('continuous');
#5469 = STYLED_ITEM('color',(#5470),#2294);
#5470 = PRESENTATION_STYLE_ASSIGNMENT((#5471,#5476));
#5471 = SURFACE_STYLE_USAGE(.BOTH.,#5472);
#5472 = SURFACE_SIDE_STYLE('',(#5473));
#5473 = SURFACE_STYLE_FILL_AREA(#5474);
#5474 = FILL_AREA_STYLE('',(#5475));
#5475 = FILL_AREA_STYLE_COLOUR('',#5304);
#5476 = CURVE_STYLE('',#5477,POSITIVE_LENGTH_MEASURE(0.1),#5304);
#5477 = DRAUGHTING_PRE_DEFINED_CURVE_FONT('continuous');
#5478 = STYLED_ITEM('color',(#5479),#2318);
#5479 = PRESENTATION_STYLE_ASSIGNMENT((#5480,#5485));
#5480 = SURFACE_STYLE_USAGE(.BOTH.,#5481);
#5481 = SURFACE_SIDE_STYLE('',(#5482));
#5482 = SURFACE_STYLE_FILL_AREA(#5483);
#5483 = FILL_AREA_STYLE('',(#5484));
#5484 = FILL_AREA_STYLE_COLOUR('',#5304);
#5485 = CURVE_STYLE('',#5486,POSITIVE_LENGTH_MEASURE(0.1),#5304);
#5486 = DRAUGHTING_PRE_DEFINED_CURVE_FONT('continuous');
#5487 = STYLED_ITEM('color',(#5488),#2339);
#5488 = PRESENTATION_STYLE_ASSIGNMENT((#5489,#5494));
#5489 = SURFACE_STYLE_USAGE(.BOTH.,#5490);
#5490 = SURFACE_SIDE_STYLE('',(#5491));
#5491 = SURFACE_STYLE_FILL_AREA(#5492);
#5492 = FILL_AREA_STYLE('',(#5493));
#5493 = FILL_AREA_STYLE_COLOUR('',#5304);
#5494 = CURVE_STYLE('',#5495,POSITIVE_LENGTH_MEASURE(0.1),#5304);
#5495 = DRAUGHTING_PRE_DEFINED_CURVE_FONT('continuous');
#5496 = STYLED_ITEM('color',(#5497),#2370);
#5497 = PRESENTATION_STYLE_ASSIGNMENT((#5498,#5503));
#5498 = SURFACE_STYLE_USAGE(.BOTH.,#5499);
#5499 = SURFACE_SIDE_STYLE('',(#5500));
#5500 = SURFACE_STYLE_FILL_AREA(#5501);
#5501 = FILL_AREA_STYLE('',(#5502));
#5502 = FILL_AREA_STYLE_COLOUR('',#5304);
#5503 = CURVE_STYLE('',#5504,POSITIVE_LENGTH_MEASURE(0.1),#5304);
#5504 = DRAUGHTING_PRE_DEFINED_CURVE_FONT('continuous');
#5505 = STYLED_ITEM('color',(#5506),#2410);
#5506 = PRESENTATION_STYLE_ASSIGNMENT((#5507,#5512));
#5507 = SURFACE_STYLE_USAGE(.BOTH.,#5508);
#5508 = SURFACE_SIDE_STYLE('',(#5509));
#5509 = SURFACE_STYLE_FILL_AREA(#5510);
#5510 = FILL_AREA_STYLE('',(#5511));
#5511 = FILL_AREA_STYLE_COLOUR('',#5304);
#5512 = CURVE_STYLE('',#5513,POSITIVE_LENGTH_MEASURE(0.1),#5304);
#5513 = DRAUGHTING_PRE_DEFINED_CURVE_FONT('continuous');
#5514 = STYLED_ITEM('color',(#5515),#2434);
#5515 = PRESENTATION_STYLE_ASSIGNMENT((#5516,#5521));
#5516 = SURFACE_STYLE_USAGE(.BOTH.,#5517);
#5517 = SURFACE_SIDE_STYLE('',(#5518));
#5518 = SURFACE_STYLE_FILL_AREA(#5519);
#5519 = FILL_AREA_STYLE('',(#5520));
#5520 = FILL_AREA_STYLE_COLOUR('',#5231);
#5521 = CURVE_STYLE('',#5522,POSITIVE_LENGTH_MEASURE(0.1),#5231);
#5522 = DRAUGHTING_PRE_DEFINED_CURVE_FONT('continuous');
#5523 = STYLED_ITEM('color',(#5524),#2465);
#5524 = PRESENTATION_STYLE_ASSIGNMENT((#5525,#5530));
#5525 = SURFACE_STYLE_USAGE(.BOTH.,#5526);
#5526 = SURFACE_SIDE_STYLE('',(#5527));
#5527 = SURFACE_STYLE_FILL_AREA(#5528);
#5528 = FILL_AREA_STYLE('',(#5529));
#5529 = FILL_AREA_STYLE_COLOUR('',#5231);
#5530 = CURVE_STYLE('',#5531,POSITIVE_LENGTH_MEASURE(0.1),#5231);
#5531 = DRAUGHTING_PRE_DEFINED_CURVE_FONT('continuous');
#5532 = OVER_RIDING_STYLED_ITEM('overriding color',(#5533),#2479,#5523);
#5533 = PRESENTATION_STYLE_ASSIGNMENT((#5534,#5539));
#5534 = SURFACE_STYLE_USAGE(.BOTH.,#5535);
#5535 = SURFACE_SIDE_STYLE('',(#5536));
#5536 = SURFACE_STYLE_FILL_AREA(#5537);
#5537 = FILL_AREA_STYLE('',(#5538));
#5538 = FILL_AREA_STYLE_COLOUR('',#5304);
#5539 = CURVE_STYLE('',#5540,POSITIVE_LENGTH_MEASURE(0.1),#5304);
#5540 = DRAUGHTING_PRE_DEFINED_CURVE_FONT('continuous');
#5541 = OVER_RIDING_STYLED_ITEM('overriding color',(#5542),#2495,#5523);
#5542 = PRESENTATION_STYLE_ASSIGNMENT((#5543,#5548));
#5543 = SURFACE_STYLE_USAGE(.BOTH.,#5544);
#5544 = SURFACE_SIDE_STYLE('',(#5545));
#5545 = SURFACE_STYLE_FILL_AREA(#5546);
#5546 = FILL_AREA_STYLE('',(#5547));
#5547 = FILL_AREA_STYLE_COLOUR('',#5304);
#5548 = CURVE_STYLE('',#5549,POSITIVE_LENGTH_MEASURE(0.1),#5304);
#5549 = DRAUGHTING_PRE_DEFINED_CURVE_FONT('continuous');
#5550 = STYLED_ITEM('color',(#5551),#2521);
#5551 = PRESENTATION_STYLE_ASSIGNMENT((#5552,#5557));
#5552 = SURFACE_STYLE_USAGE(.BOTH.,#5553);
#5553 = SURFACE_SIDE_STYLE('',(#5554));
#5554 = SURFACE_STYLE_FILL_AREA(#5555);
#5555 = FILL_AREA_STYLE('',(#5556));
#5556 = FILL_AREA_STYLE_COLOUR('',#5231);
#5557 = CURVE_STYLE('',#5558,POSITIVE_LENGTH_MEASURE(0.1),#5231);
#5558 = DRAUGHTING_PRE_DEFINED_CURVE_FONT('continuous');
#5559 = STYLED_ITEM('color',(#5560),#2545);
#5560 = PRESENTATION_STYLE_ASSIGNMENT((#5561,#5566));
#5561 = SURFACE_STYLE_USAGE(.BOTH.,#5562);
#5562 = SURFACE_SIDE_STYLE('',(#5563));
#5563 = SURFACE_STYLE_FILL_AREA(#5564);
#5564 = FILL_AREA_STYLE('',(#5565));
#5565 = FILL_AREA_STYLE_COLOUR('',#5231);
#5566 = CURVE_STYLE('',#5567,POSITIVE_LENGTH_MEASURE(0.1),#5231);
#5567 = DRAUGHTING_PRE_DEFINED_CURVE_FONT('continuous');
#5568 = OVER_RIDING_STYLED_ITEM('overriding color',(#5569),#2559,#5559);
#5569 = PRESENTATION_STYLE_ASSIGNMENT((#5570,#5575));
#5570 = SURFACE_STYLE_USAGE(.BOTH.,#5571);
#5571 = SURFACE_SIDE_STYLE('',(#5572));
#5572 = SURFACE_STYLE_FILL_AREA(#5573);
#5573 = FILL_AREA_STYLE('',(#5574));
#5574 = FILL_AREA_STYLE_COLOUR('',#5304);
#5575 = CURVE_STYLE('',#5576,POSITIVE_LENGTH_MEASURE(0.1),#5304);
#5576 = DRAUGHTING_PRE_DEFINED_CURVE_FONT('continuous');
#5577 = OVER_RIDING_STYLED_ITEM('overriding color',(#5578),#2575,#5559);
#5578 = PRESENTATION_STYLE_ASSIGNMENT((#5579,#5584));
#5579 = SURFACE_STYLE_USAGE(.BOTH.,#5580);
#5580 = SURFACE_SIDE_STYLE('',(#5581));
#5581 = SURFACE_STYLE_FILL_AREA(#5582);
#5582 = FILL_AREA_STYLE('',(#5583));
#5583 = FILL_AREA_STYLE_COLOUR('',#5304);
#5584 = CURVE_STYLE('',#5585,POSITIVE_LENGTH_MEASURE(0.1),#5304);
#5585 = DRAUGHTING_PRE_DEFINED_CURVE_FONT('continuous');
#5586 = STYLED_ITEM('color',(#5587),#2594);
#5587 = PRESENTATION_STYLE_ASSIGNMENT((#5588,#5593));
#5588 = SURFACE_STYLE_USAGE(.BOTH.,#5589);
#5589 = SURFACE_SIDE_STYLE('',(#5590));
#5590 = SURFACE_STYLE_FILL_AREA(#5591);
#5591 = FILL_AREA_STYLE('',(#5592));
#5592 = FILL_AREA_STYLE_COLOUR('',#5231);
#5593 = CURVE_STYLE('',#5594,POSITIVE_LENGTH_MEASURE(0.1),#5231);
#5594 = DRAUGHTING_PRE_DEFINED_CURVE_FONT('continuous');
#5595 = STYLED_ITEM('color',(#5596),#2625);
#5596 = PRESENTATION_STYLE_ASSIGNMENT((#5597,#5602));
#5597 = SURFACE_STYLE_USAGE(.BOTH.,#5598);
#5598 = SURFACE_SIDE_STYLE('',(#5599));
#5599 = SURFACE_STYLE_FILL_AREA(#5600);
#5600 = FILL_AREA_STYLE('',(#5601));
#5601 = FILL_AREA_STYLE_COLOUR('',#5231);
#5602 = CURVE_STYLE('',#5603,POSITIVE_LENGTH_MEASURE(0.1),#5231);
#5603 = DRAUGHTING_PRE_DEFINED_CURVE_FONT('continuous');
#5604 = OVER_RIDING_STYLED_ITEM('overriding color',(#5605),#2639,#5595);
#5605 = PRESENTATION_STYLE_ASSIGNMENT((#5606,#5611));
#5606 = SURFACE_STYLE_USAGE(.BOTH.,#5607);
#5607 = SURFACE_SIDE_STYLE('',(#5608));
#5608 = SURFACE_STYLE_FILL_AREA(#5609);
#5609 = FILL_AREA_STYLE('',(#5610));
#5610 = FILL_AREA_STYLE_COLOUR('',#5304);
#5611 = CURVE_STYLE('',#5612,POSITIVE_LENGTH_MEASURE(0.1),#5304);
#5612 = DRAUGHTING_PRE_DEFINED_CURVE_FONT('continuous');
#5613 = OVER_RIDING_STYLED_ITEM('overriding color',(#5614),#2655,#5595);
#5614 = PRESENTATION_STYLE_ASSIGNMENT((#5615,#5620));
#5615 = SURFACE_STYLE_USAGE(.BOTH.,#5616);
#5616 = SURFACE_SIDE_STYLE('',(#5617));
#5617 = SURFACE_STYLE_FILL_AREA(#5618);
#5618 = FILL_AREA_STYLE('',(#5619));
#5619 = FILL_AREA_STYLE_COLOUR('',#5304);
#5620 = CURVE_STYLE('',#5621,POSITIVE_LENGTH_MEASURE(0.1),#5304);
#5621 = DRAUGHTING_PRE_DEFINED_CURVE_FONT('continuous');
#5622 = STYLED_ITEM('color',(#5623),#2681);
#5623 = PRESENTATION_STYLE_ASSIGNMENT((#5624,#5629));
#5624 = SURFACE_STYLE_USAGE(.BOTH.,#5625);
#5625 = SURFACE_SIDE_STYLE('',(#5626));
#5626 = SURFACE_STYLE_FILL_AREA(#5627);
#5627 = FILL_AREA_STYLE('',(#5628));
#5628 = FILL_AREA_STYLE_COLOUR('',#5231);
#5629 = CURVE_STYLE('',#5630,POSITIVE_LENGTH_MEASURE(0.1),#5231);
#5630 = DRAUGHTING_PRE_DEFINED_CURVE_FONT('continuous');
#5631 = STYLED_ITEM('color',(#5632),#2705);
#5632 = PRESENTATION_STYLE_ASSIGNMENT((#5633,#5638));
#5633 = SURFACE_STYLE_USAGE(.BOTH.,#5634);
#5634 = SURFACE_SIDE_STYLE('',(#5635));
#5635 = SURFACE_STYLE_FILL_AREA(#5636);
#5636 = FILL_AREA_STYLE('',(#5637));
#5637 = FILL_AREA_STYLE_COLOUR('',#5231);
#5638 = CURVE_STYLE('',#5639,POSITIVE_LENGTH_MEASURE(0.1),#5231);
#5639 = DRAUGHTING_PRE_DEFINED_CURVE_FONT('continuous');
#5640 = OVER_RIDING_STYLED_ITEM('overriding color',(#5641),#2719,#5631);
#5641 = PRESENTATION_STYLE_ASSIGNMENT((#5642,#5647));
#5642 = SURFACE_STYLE_USAGE(.BOTH.,#5643);
#5643 = SURFACE_SIDE_STYLE('',(#5644));
#5644 = SURFACE_STYLE_FILL_AREA(#5645);
#5645 = FILL_AREA_STYLE('',(#5646));
#5646 = FILL_AREA_STYLE_COLOUR('',#5304);
#5647 = CURVE_STYLE('',#5648,POSITIVE_LENGTH_MEASURE(0.1),#5304);
#5648 = DRAUGHTING_PRE_DEFINED_CURVE_FONT('continuous');
#5649 = OVER_RIDING_STYLED_ITEM('overriding color',(#5650),#2735,#5631);
#5650 = PRESENTATION_STYLE_ASSIGNMENT((#5651,#5656));
#5651 = SURFACE_STYLE_USAGE(.BOTH.,#5652);
#5652 = SURFACE_SIDE_STYLE('',(#5653));
#5653 = SURFACE_STYLE_FILL_AREA(#5654);
#5654 = FILL_AREA_STYLE('',(#5655));
#5655 = FILL_AREA_STYLE_COLOUR('',#5304);
#5656 = CURVE_STYLE('',#5657,POSITIVE_LENGTH_MEASURE(0.1),#5304);
#5657 = DRAUGHTING_PRE_DEFINED_CURVE_FONT('continuous');
#5658 = STYLED_ITEM('color',(#5659),#2754);
#5659 = PRESENTATION_STYLE_ASSIGNMENT((#5660,#5665));
#5660 = SURFACE_STYLE_USAGE(.BOTH.,#5661);
#5661 = SURFACE_SIDE_STYLE('',(#5662));
#5662 = SURFACE_STYLE_FILL_AREA(#5663);
#5663 = FILL_AREA_STYLE('',(#5664));
#5664 = FILL_AREA_STYLE_COLOUR('',#5304);
#5665 = CURVE_STYLE('',#5666,POSITIVE_LENGTH_MEASURE(0.1),#5304);
#5666 = DRAUGHTING_PRE_DEFINED_CURVE_FONT('continuous');
#5667 = STYLED_ITEM('color',(#5668),#2787);
#5668 = PRESENTATION_STYLE_ASSIGNMENT((#5669,#5674));
#5669 = SURFACE_STYLE_USAGE(.BOTH.,#5670);
#5670 = SURFACE_SIDE_STYLE('',(#5671));
#5671 = SURFACE_STYLE_FILL_AREA(#5672);
#5672 = FILL_AREA_STYLE('',(#5673));
#5673 = FILL_AREA_STYLE_COLOUR('',#5304);
#5674 = CURVE_STYLE('',#5675,POSITIVE_LENGTH_MEASURE(0.1),#5304);
#5675 = DRAUGHTING_PRE_DEFINED_CURVE_FONT('continuous');
#5676 = STYLED_ITEM('color',(#5677),#2804);
#5677 = PRESENTATION_STYLE_ASSIGNMENT((#5678,#5683));
#5678 = SURFACE_STYLE_USAGE(.BOTH.,#5679);
#5679 = SURFACE_SIDE_STYLE('',(#5680));
#5680 = SURFACE_STYLE_FILL_AREA(#5681);
#5681 = FILL_AREA_STYLE('',(#5682));
#5682 = FILL_AREA_STYLE_COLOUR('',#5304);
#5683 = CURVE_STYLE('',#5684,POSITIVE_LENGTH_MEASURE(0.1),#5304);
#5684 = DRAUGHTING_PRE_DEFINED_CURVE_FONT('continuous');
#5685 = STYLED_ITEM('color',(#5686),#2821);
#5686 = PRESENTATION_STYLE_ASSIGNMENT((#5687,#5692));
#5687 = SURFACE_STYLE_USAGE(.BOTH.,#5688);
#5688 = SURFACE_SIDE_STYLE('',(#5689));
#5689 = SURFACE_STYLE_FILL_AREA(#5690);
#5690 = FILL_AREA_STYLE('',(#5691));
#5691 = FILL_AREA_STYLE_COLOUR('',#5304);
#5692 = CURVE_STYLE('',#5693,POSITIVE_LENGTH_MEASURE(0.1),#5304);
#5693 = DRAUGHTING_PRE_DEFINED_CURVE_FONT('continuous');
#5694 = STYLED_ITEM('color',(#5695),#2833);
#5695 = PRESENTATION_STYLE_ASSIGNMENT((#5696,#5701));
#5696 = SURFACE_STYLE_USAGE(.BOTH.,#5697);
#5697 = SURFACE_SIDE_STYLE('',(#5698));
#5698 = SURFACE_STYLE_FILL_AREA(#5699);
#5699 = FILL_AREA_STYLE('',(#5700));
#5700 = FILL_AREA_STYLE_COLOUR('',#5304);
#5701 = CURVE_STYLE('',#5702,POSITIVE_LENGTH_MEASURE(0.1),#5304);
#5702 = DRAUGHTING_PRE_DEFINED_CURVE_FONT('continuous');
#5703 = STYLED_ITEM('color',(#5704),#2866);
#5704 = PRESENTATION_STYLE_ASSIGNMENT((#5705,#5710));
#5705 = SURFACE_STYLE_USAGE(.BOTH.,#5706);
#5706 = SURFACE_SIDE_STYLE('',(#5707));
#5707 = SURFACE_STYLE_FILL_AREA(#5708);
#5708 = FILL_AREA_STYLE('',(#5709));
#5709 = FILL_AREA_STYLE_COLOUR('',#5304);
#5710 = CURVE_STYLE('',#5711,POSITIVE_LENGTH_MEASURE(0.1),#5304);
#5711 = DRAUGHTING_PRE_DEFINED_CURVE_FONT('continuous');
#5712 = STYLED_ITEM('color',(#5713),#2883);
#5713 = PRESENTATION_STYLE_ASSIGNMENT((#5714,#5719));
#5714 = SURFACE_STYLE_USAGE(.BOTH.,#5715);
#5715 = SURFACE_SIDE_STYLE('',(#5716));
#5716 = SURFACE_STYLE_FILL_AREA(#5717);
#5717 = FILL_AREA_STYLE('',(#5718));
#5718 = FILL_AREA_STYLE_COLOUR('',#5304);
#5719 = CURVE_STYLE('',#5720,POSITIVE_LENGTH_MEASURE(0.1),#5304);
#5720 = DRAUGHTING_PRE_DEFINED_CURVE_FONT('continuous');
#5721 = STYLED_ITEM('color',(#5722),#2900);
#5722 = PRESENTATION_STYLE_ASSIGNMENT((#5723,#5728));
#5723 = SURFACE_STYLE_USAGE(.BOTH.,#5724);
#5724 = SURFACE_SIDE_STYLE('',(#5725));
#5725 = SURFACE_STYLE_FILL_AREA(#5726);
#5726 = FILL_AREA_STYLE('',(#5727));
#5727 = FILL_AREA_STYLE_COLOUR('',#5304);
#5728 = CURVE_STYLE('',#5729,POSITIVE_LENGTH_MEASURE(0.1),#5304);
#5729 = DRAUGHTING_PRE_DEFINED_CURVE_FONT('continuous');
#5730 = STYLED_ITEM('color',(#5731),#2912);
#5731 = PRESENTATION_STYLE_ASSIGNMENT((#5732,#5737));
#5732 = SURFACE_STYLE_USAGE(.BOTH.,#5733);
#5733 = SURFACE_SIDE_STYLE('',(#5734));
#5734 = SURFACE_STYLE_FILL_AREA(#5735);
#5735 = FILL_AREA_STYLE('',(#5736));
#5736 = FILL_AREA_STYLE_COLOUR('',#5231);
#5737 = CURVE_STYLE('',#5738,POSITIVE_LENGTH_MEASURE(0.1),#5231);
#5738 = DRAUGHTING_PRE_DEFINED_CURVE_FONT('continuous');
#5739 = OVER_RIDING_STYLED_ITEM('overriding color',(#5740),#2919,#5730);
#5740 = PRESENTATION_STYLE_ASSIGNMENT((#5741,#5746));
#5741 = SURFACE_STYLE_USAGE(.BOTH.,#5742);
#5742 = SURFACE_SIDE_STYLE('',(#5743));
#5743 = SURFACE_STYLE_FILL_AREA(#5744);
#5744 = FILL_AREA_STYLE('',(#5745));
#5745 = FILL_AREA_STYLE_COLOUR('',#5304);
#5746 = CURVE_STYLE('',#5747,POSITIVE_LENGTH_MEASURE(0.1),#5304);
#5747 = DRAUGHTING_PRE_DEFINED_CURVE_FONT('continuous');
#5748 = STYLED_ITEM('color',(#5749),#2929);
#5749 = PRESENTATION_STYLE_ASSIGNMENT((#5750,#5755));
#5750 = SURFACE_STYLE_USAGE(.BOTH.,#5751);
#5751 = SURFACE_SIDE_STYLE('',(#5752));
#5752 = SURFACE_STYLE_FILL_AREA(#5753);
#5753 = FILL_AREA_STYLE('',(#5754));
#5754 = FILL_AREA_STYLE_COLOUR('',#5231);
#5755 = CURVE_STYLE('',#5756,POSITIVE_LENGTH_MEASURE(0.1),#5231);
#5756 = DRAUGHTING_PRE_DEFINED_CURVE_FONT('continuous');
#5757 = OVER_RIDING_STYLED_ITEM('overriding color',(#5758),#2934,#5748);
#5758 = PRESENTATION_STYLE_ASSIGNMENT((#5759,#5764));
#5759 = SURFACE_STYLE_USAGE(.BOTH.,#5760);
#5760 = SURFACE_SIDE_STYLE('',(#5761));
#5761 = SURFACE_STYLE_FILL_AREA(#5762);
#5762 = FILL_AREA_STYLE('',(#5763));
#5763 = FILL_AREA_STYLE_COLOUR('',#5304);
#5764 = CURVE_STYLE('',#5765,POSITIVE_LENGTH_MEASURE(0.1),#5304);
#5765 = DRAUGHTING_PRE_DEFINED_CURVE_FONT('continuous');
#5766 = STYLED_ITEM('color',(#5767),#2946);
#5767 = PRESENTATION_STYLE_ASSIGNMENT((#5768,#5773));
#5768 = SURFACE_STYLE_USAGE(.BOTH.,#5769);
#5769 = SURFACE_SIDE_STYLE('',(#5770));
#5770 = SURFACE_STYLE_FILL_AREA(#5771);
#5771 = FILL_AREA_STYLE('',(#5772));
#5772 = FILL_AREA_STYLE_COLOUR('',#5304);
#5773 = CURVE_STYLE('',#5774,POSITIVE_LENGTH_MEASURE(0.1),#5304);
#5774 = DRAUGHTING_PRE_DEFINED_CURVE_FONT('continuous');
#5775 = STYLED_ITEM('color',(#5776),#2995);
#5776 = PRESENTATION_STYLE_ASSIGNMENT((#5777,#5782));
#5777 = SURFACE_STYLE_USAGE(.BOTH.,#5778);
#5778 = SURFACE_SIDE_STYLE('',(#5779));
#5779 = SURFACE_STYLE_FILL_AREA(#5780);
#5780 = FILL_AREA_STYLE('',(#5781));
#5781 = FILL_AREA_STYLE_COLOUR('',#5304);
#5782 = CURVE_STYLE('',#5783,POSITIVE_LENGTH_MEASURE(0.1),#5304);
#5783 = DRAUGHTING_PRE_DEFINED_CURVE_FONT('continuous');
#5784 = STYLED_ITEM('color',(#5785),#3019);
#5785 = PRESENTATION_STYLE_ASSIGNMENT((#5786,#5791));
#5786 = SURFACE_STYLE_USAGE(.BOTH.,#5787);
#5787 = SURFACE_SIDE_STYLE('',(#5788));
#5788 = SURFACE_STYLE_FILL_AREA(#5789);
#5789 = FILL_AREA_STYLE('',(#5790));
#5790 = FILL_AREA_STYLE_COLOUR('',#5304);
#5791 = CURVE_STYLE('',#5792,POSITIVE_LENGTH_MEASURE(0.1),#5304);
#5792 = DRAUGHTING_PRE_DEFINED_CURVE_FONT('continuous');
#5793 = STYLED_ITEM('color',(#5794),#3061);
#5794 = PRESENTATION_STYLE_ASSIGNMENT((#5795,#5800));
#5795 = SURFACE_STYLE_USAGE(.BOTH.,#5796);
#5796 = SURFACE_SIDE_STYLE('',(#5797));
#5797 = SURFACE_STYLE_FILL_AREA(#5798);
#5798 = FILL_AREA_STYLE('',(#5799));
#5799 = FILL_AREA_STYLE_COLOUR('',#5304);
#5800 = CURVE_STYLE('',#5801,POSITIVE_LENGTH_MEASURE(0.1),#5304);
#5801 = DRAUGHTING_PRE_DEFINED_CURVE_FONT('continuous');
#5802 = STYLED_ITEM('color',(#5803),#3078);
#5803 = PRESENTATION_STYLE_ASSIGNMENT((#5804,#5809));
#5804 = SURFACE_STYLE_USAGE(.BOTH.,#5805);
#5805 = SURFACE_SIDE_STYLE('',(#5806));
#5806 = SURFACE_STYLE_FILL_AREA(#5807);
#5807 = FILL_AREA_STYLE('',(#5808));
#5808 = FILL_AREA_STYLE_COLOUR('',#5231);
#5809 = CURVE_STYLE('',#5810,POSITIVE_LENGTH_MEASURE(0.1),#5231);
#5810 = DRAUGHTING_PRE_DEFINED_CURVE_FONT('continuous');
#5811 = OVER_RIDING_STYLED_ITEM('overriding color',(#5812),#3085,#5802);
#5812 = PRESENTATION_STYLE_ASSIGNMENT((#5813,#5818));
#5813 = SURFACE_STYLE_USAGE(.BOTH.,#5814);
#5814 = SURFACE_SIDE_STYLE('',(#5815));
#5815 = SURFACE_STYLE_FILL_AREA(#5816);
#5816 = FILL_AREA_STYLE('',(#5817));
#5817 = FILL_AREA_STYLE_COLOUR('',#5304);
#5818 = CURVE_STYLE('',#5819,POSITIVE_LENGTH_MEASURE(0.1),#5304);
#5819 = DRAUGHTING_PRE_DEFINED_CURVE_FONT('continuous');
#5820 = STYLED_ITEM('color',(#5821),#3095);
#5821 = PRESENTATION_STYLE_ASSIGNMENT((#5822,#5827));
#5822 = SURFACE_STYLE_USAGE(.BOTH.,#5823);
#5823 = SURFACE_SIDE_STYLE('',(#5824));
#5824 = SURFACE_STYLE_FILL_AREA(#5825);
#5825 = FILL_AREA_STYLE('',(#5826));
#5826 = FILL_AREA_STYLE_COLOUR('',#5231);
#5827 = CURVE_STYLE('',#5828,POSITIVE_LENGTH_MEASURE(0.1),#5231);
#5828 = DRAUGHTING_PRE_DEFINED_CURVE_FONT('continuous');
#5829 = OVER_RIDING_STYLED_ITEM('overriding color',(#5830),#3100,#5820);
#5830 = PRESENTATION_STYLE_ASSIGNMENT((#5831,#5836));
#5831 = SURFACE_STYLE_USAGE(.BOTH.,#5832);
#5832 = SURFACE_SIDE_STYLE('',(#5833));
#5833 = SURFACE_STYLE_FILL_AREA(#5834);
#5834 = FILL_AREA_STYLE('',(#5835));
#5835 = FILL_AREA_STYLE_COLOUR('',#5304);
#5836 = CURVE_STYLE('',#5837,POSITIVE_LENGTH_MEASURE(0.1),#5304);
#5837 = DRAUGHTING_PRE_DEFINED_CURVE_FONT('continuous');
#5838 = STYLED_ITEM('color',(#5839),#3112);
#5839 = PRESENTATION_STYLE_ASSIGNMENT((#5840,#5845));
#5840 = SURFACE_STYLE_USAGE(.BOTH.,#5841);
#5841 = SURFACE_SIDE_STYLE('',(#5842));
#5842 = SURFACE_STYLE_FILL_AREA(#5843);
#5843 = FILL_AREA_STYLE('',(#5844));
#5844 = FILL_AREA_STYLE_COLOUR('',#5304);
#5845 = CURVE_STYLE('',#5846,POSITIVE_LENGTH_MEASURE(0.1),#5304);
#5846 = DRAUGHTING_PRE_DEFINED_CURVE_FONT('continuous');
#5847 = STYLED_ITEM('color',(#5848),#3161);
#5848 = PRESENTATION_STYLE_ASSIGNMENT((#5849,#5854));
#5849 = SURFACE_STYLE_USAGE(.BOTH.,#5850);
#5850 = SURFACE_SIDE_STYLE('',(#5851));
#5851 = SURFACE_STYLE_FILL_AREA(#5852);
#5852 = FILL_AREA_STYLE('',(#5853));
#5853 = FILL_AREA_STYLE_COLOUR('',#5304);
#5854 = CURVE_STYLE('',#5855,POSITIVE_LENGTH_MEASURE(0.1),#5304);
#5855 = DRAUGHTING_PRE_DEFINED_CURVE_FONT('continuous');
#5856 = STYLED_ITEM('color',(#5857),#3185);
#5857 = PRESENTATION_STYLE_ASSIGNMENT((#5858,#5863));
#5858 = SURFACE_STYLE_USAGE(.BOTH.,#5859);
#5859 = SURFACE_SIDE_STYLE('',(#5860));
#5860 = SURFACE_STYLE_FILL_AREA(#5861);
#5861 = FILL_AREA_STYLE('',(#5862));
#5862 = FILL_AREA_STYLE_COLOUR('',#5304);
#5863 = CURVE_STYLE('',#5864,POSITIVE_LENGTH_MEASURE(0.1),#5304);
#5864 = DRAUGHTING_PRE_DEFINED_CURVE_FONT('continuous');
#5865 = STYLED_ITEM('color',(#5866),#3227);
#5866 = PRESENTATION_STYLE_ASSIGNMENT((#5867,#5872));
#5867 = SURFACE_STYLE_USAGE(.BOTH.,#5868);
#5868 = SURFACE_SIDE_STYLE('',(#5869));
#5869 = SURFACE_STYLE_FILL_AREA(#5870);
#5870 = FILL_AREA_STYLE('',(#5871));
#5871 = FILL_AREA_STYLE_COLOUR('',#5304);
#5872 = CURVE_STYLE('',#5873,POSITIVE_LENGTH_MEASURE(0.1),#5304);
#5873 = DRAUGHTING_PRE_DEFINED_CURVE_FONT('continuous');
#5874 = STYLED_ITEM('color',(#5875),#3244);
#5875 = PRESENTATION_STYLE_ASSIGNMENT((#5876,#5881));
#5876 = SURFACE_STYLE_USAGE(.BOTH.,#5877);
#5877 = SURFACE_SIDE_STYLE('',(#5878));
#5878 = SURFACE_STYLE_FILL_AREA(#5879);
#5879 = FILL_AREA_STYLE('',(#5880));
#5880 = FILL_AREA_STYLE_COLOUR('',#5304);
#5881 = CURVE_STYLE('',#5882,POSITIVE_LENGTH_MEASURE(0.1),#5304);
#5882 = DRAUGHTING_PRE_DEFINED_CURVE_FONT('continuous');
#5883 = STYLED_ITEM('color',(#5884),#3261);
#5884 = PRESENTATION_STYLE_ASSIGNMENT((#5885,#5890));
#5885 = SURFACE_STYLE_USAGE(.BOTH.,#5886);
#5886 = SURFACE_SIDE_STYLE('',(#5887));
#5887 = SURFACE_STYLE_FILL_AREA(#5888);
#5888 = FILL_AREA_STYLE('',(#5889));
#5889 = FILL_AREA_STYLE_COLOUR('',#5304);
#5890 = CURVE_STYLE('',#5891,POSITIVE_LENGTH_MEASURE(0.1),#5304);
#5891 = DRAUGHTING_PRE_DEFINED_CURVE_FONT('continuous');
#5892 = STYLED_ITEM('color',(#5893),#3278);
#5893 = PRESENTATION_STYLE_ASSIGNMENT((#5894,#5899));
#5894 = SURFACE_STYLE_USAGE(.BOTH.,#5895);
#5895 = SURFACE_SIDE_STYLE('',(#5896));
#5896 = SURFACE_STYLE_FILL_AREA(#5897);
#5897 = FILL_AREA_STYLE('',(#5898));
#5898 = FILL_AREA_STYLE_COLOUR('',#5304);
#5899 = CURVE_STYLE('',#5900,POSITIVE_LENGTH_MEASURE(0.1),#5304);
#5900 = DRAUGHTING_PRE_DEFINED_CURVE_FONT('continuous');
#5901 = STYLED_ITEM('color',(#5902),#3290);
#5902 = PRESENTATION_STYLE_ASSIGNMENT((#5903,#5908));
#5903 = SURFACE_STYLE_USAGE(.BOTH.,#5904);
#5904 = SURFACE_SIDE_STYLE('',(#5905));
#5905 = SURFACE_STYLE_FILL_AREA(#5906);
#5906 = FILL_AREA_STYLE('',(#5907));
#5907 = FILL_AREA_STYLE_COLOUR('',#5304);
#5908 = CURVE_STYLE('',#5909,POSITIVE_LENGTH_MEASURE(0.1),#5304);
#5909 = DRAUGHTING_PRE_DEFINED_CURVE_FONT('continuous');
#5910 = STYLED_ITEM('color',(#5911),#3307);
#5911 = PRESENTATION_STYLE_ASSIGNMENT((#5912,#5917));
#5912 = SURFACE_STYLE_USAGE(.BOTH.,#5913);
#5913 = SURFACE_SIDE_STYLE('',(#5914));
#5914 = SURFACE_STYLE_FILL_AREA(#5915);
#5915 = FILL_AREA_STYLE('',(#5916));
#5916 = FILL_AREA_STYLE_COLOUR('',#5304);
#5917 = CURVE_STYLE('',#5918,POSITIVE_LENGTH_MEASURE(0.1),#5304);
#5918 = DRAUGHTING_PRE_DEFINED_CURVE_FONT('continuous');
#5919 = STYLED_ITEM('color',(#5920),#3324);
#5920 = PRESENTATION_STYLE_ASSIGNMENT((#5921,#5926));
#5921 = SURFACE_STYLE_USAGE(.BOTH.,#5922);
#5922 = SURFACE_SIDE_STYLE('',(#5923));
#5923 = SURFACE_STYLE_FILL_AREA(#5924);
#5924 = FILL_AREA_STYLE('',(#5925));
#5925 = FILL_AREA_STYLE_COLOUR('',#5304);
#5926 = CURVE_STYLE('',#5927,POSITIVE_LENGTH_MEASURE(0.1),#5304);
#5927 = DRAUGHTING_PRE_DEFINED_CURVE_FONT('continuous');
#5928 = MECHANICAL_DESIGN_GEOMETRIC_PRESENTATION_REPRESENTATION('',(
    #5929),#4845);
#5929 = STYLED_ITEM('color',(#5930),#3360);
#5930 = PRESENTATION_STYLE_ASSIGNMENT((#5931));
#5931 = SURFACE_STYLE_USAGE(.BOTH.,#5932);
#5932 = SURFACE_SIDE_STYLE('',(#5933));
#5933 = SURFACE_STYLE_FILL_AREA(#5934);
#5934 = FILL_AREA_STYLE('',(#5935));
#5935 = FILL_AREA_STYLE_COLOUR('',#5936);
#5936 = COLOUR_RGB('',0.313304153717,0.484529207832,0.410020903123);
ENDSEC;
END-ISO-10303-21;
